path,prompt,melody,cond,coherence_true,coherence_shuffled_mean,coherence_shuffled_max,voiced_fraction
/home/stoneyey/Desktop/MIC/outputs/generated_audio/prompt1_alternating_baseline.wav,prompt1,alternating,baseline,0.0,0.09090909090909091,0.45320197044334976,0.6744186046511628
/home/stoneyey/Desktop/MIC/outputs/generated_audio/prompt1_alternating_combined.wav,prompt1,alternating,combined,0.43478260869565216,0.051383399209486175,0.2995169082125604,0.6877076411960132
/home/stoneyey/Desktop/MIC/outputs/generated_audio/prompt1_alternating_itc.wav,prompt1,alternating,itc,0.02127659574468085,0.08897485493230174,0.42021276595744683,0.6245847176079734
/home/stoneyey/Desktop/MIC/outputs/generated_audio/prompt1_alternating_probe_high.wav,prompt1,alternating,probe_0.1,0.329004329004329,0.060999606454151915,0.3246753246753247,0.7674418604651163
/home/stoneyey/Desktop/MIC/outputs/generated_audio/prompt1_alternating_probe_low.wav,prompt1,alternating,probe_0.03,0.41818181818181815,0.05289256198347107,0.2772727272727273,0.7308970099667774
/home/stoneyey/Desktop/MIC/outputs/generated_audio/prompt1_alternating_probe_mid.wav,prompt1,alternating,probe_0.05,0.36885245901639346,0.05737704918032787,0.29918032786885246,0.8106312292358804
/home/stoneyey/Desktop/MIC/outputs/generated_audio/prompt1_alternating_probe_strong.wav,prompt1,alternating,probe_0.2,0.32489451476793246,0.061373225930187965,0.3206751054852321,0.7873754152823921
/home/stoneyey/Desktop/MIC/outputs/generated_audio/prompt1_ascending_baseline.wav,prompt1,ascending,baseline,0.0,0.09090909090909093,0.26146788990825687,0.6337209302325582
/home/stoneyey/Desktop/MIC/outputs/generated_audio/prompt1_ascending_combined.wav,prompt1,ascending,combined,0.2702702702702703,0.06633906633906633,0.16891891891891891,0.8604651162790697
/home/stoneyey/Desktop/MIC/outputs/generated_audio/prompt1_ascending_itc.wav,prompt1,ascending,itc,0.024752475247524754,0.08865886588658865,0.24257425742574257,0.5872093023255814
/home/stoneyey/Desktop/MIC/outputs/generated_audio/prompt1_ascending_probe_high.wav,prompt1,ascending,probe_0.1,0.25752508361204013,0.06749771967163272,0.17725752508361203,0.8691860465116279
/home/stoneyey/Desktop/MIC/outputs/generated_audio/prompt1_ascending_probe_low.wav,prompt1,ascending,probe_0.03,0.33482142857142855,0.06047077922077922,0.19196428571428573,0.6511627906976745
/home/stoneyey/Desktop/MIC/outputs/generated_audio/prompt1_ascending_probe_mid.wav,prompt1,ascending,probe_0.05,0.2676056338028169,0.06658130601792572,0.15140845070422534,0.8255813953488372
/home/stoneyey/Desktop/MIC/outputs/generated_audio/prompt1_ascending_probe_strong.wav,prompt1,ascending,probe_0.2,0.26174496644295303,0.06711409395973154,0.17114093959731544,0.8662790697674418
/home/stoneyey/Desktop/MIC/outputs/generated_audio/prompt1_descending_baseline.wav,prompt1,descending,baseline,0.06880733944954129,0.0846538782318599,0.22477064220183487,0.6337209302325582
/home/stoneyey/Desktop/MIC/outputs/generated_audio/prompt1_descending_combined.wav,prompt1,descending,combined,0.2739273927392739,0.066006600660066,0.1419141914191419,0.8808139534883721
/home/stoneyey/Desktop/MIC/outputs/generated_audio/prompt1_descending_itc.wav,prompt1,descending,itc,0.1323529411764706,0.07887700534759358,0.2696078431372549,0.5930232558139535
/home/stoneyey/Desktop/MIC/outputs/generated_audio/prompt1_descending_probe_high.wav,prompt1,descending,probe_0.1,0.25925925925925924,0.06734006734006735,0.1447811447811448,0.8633720930232558
/home/stoneyey/Desktop/MIC/outputs/generated_audio/prompt1_descending_probe_low.wav,prompt1,descending,probe_0.03,0.31797235023041476,0.062002513615416845,0.19815668202764977,0.6308139534883721
/home/stoneyey/Desktop/MIC/outputs/generated_audio/prompt1_descending_probe_mid.wav,prompt1,descending,probe_0.05,0.2714285714285714,0.06623376623376623,0.15357142857142858,0.813953488372093
/home/stoneyey/Desktop/MIC/outputs/generated_audio/prompt1_descending_probe_strong.wav,prompt1,descending,probe_0.2,0.26174496644295303,0.06711409395973154,0.14429530201342283,0.8662790697674418
/home/stoneyey/Desktop/MIC/outputs/generated_audio/prompt2_alternating_baseline.wav,prompt2,alternating,baseline,0.3402777777777778,0.059974747474747465,0.2916666666666667,0.47840531561461797
/home/stoneyey/Desktop/MIC/outputs/generated_audio/prompt2_alternating_combined.wav,prompt2,alternating,combined,0.5060240963855421,0.044906900328587074,0.27710843373493976,0.5514950166112956
/home/stoneyey/Desktop/MIC/outputs/generated_audio/prompt2_alternating_itc.wav,prompt2,alternating,itc,0.20930232558139536,0.0718816067653277,0.3488372093023256,0.5714285714285714
/home/stoneyey/Desktop/MIC/outputs/generated_audio/prompt2_alternating_probe_high.wav,prompt2,alternating,probe_0.1,0.3284313725490196,0.06105169340463457,0.3137254901960784,0.6777408637873754
/home/stoneyey/Desktop/MIC/outputs/generated_audio/prompt2_alternating_probe_low.wav,prompt2,alternating,probe_0.03,0.25252525252525254,0.06795224977043159,0.3383838383838384,0.6578073089700996
/home/stoneyey/Desktop/MIC/outputs/generated_audio/prompt2_alternating_probe_mid.wav,prompt2,alternating,probe_0.05,0.387434554973822,0.05568776772965255,0.32460732984293195,0.6345514950166113
/home/stoneyey/Desktop/MIC/outputs/generated_audio/prompt2_alternating_probe_strong.wav,prompt2,alternating,probe_0.2,0.3069306930693069,0.06300630063006302,0.31683168316831684,0.6710963455149501
/home/stoneyey/Desktop/MIC/outputs/generated_audio/prompt2_ascending_baseline.wav,prompt2,ascending,baseline,0.2275449101796407,0.07022318998366903,0.2215568862275449,0.48546511627906974
/home/stoneyey/Desktop/MIC/outputs/generated_audio/prompt2_ascending_combined.wav,prompt2,ascending,combined,0.43243243243243246,0.05159705159705161,0.22972972972972974,0.43023255813953487
/home/stoneyey/Desktop/MIC/outputs/generated_audio/prompt2_ascending_itc.wav,prompt2,ascending,itc,0.21511627906976744,0.07135306553911204,0.19767441860465115,0.5
/home/stoneyey/Desktop/MIC/outputs/generated_audio/prompt2_ascending_probe_high.wav,prompt2,ascending,probe_0.1,0.3688888888888889,0.05737373737373737,0.18666666666666668,0.6540697674418605
/home/stoneyey/Desktop/MIC/outputs/generated_audio/prompt2_ascending_probe_low.wav,prompt2,ascending,probe_0.03,0.33516483516483514,0.060439560439560426,0.23626373626373626,0.5290697674418605
/home/stoneyey/Desktop/MIC/outputs/generated_audio/prompt2_ascending_probe_mid.wav,prompt2,ascending,probe_0.05,0.4,0.05454545454545454,0.20476190476190476,0.6104651162790697
/home/stoneyey/Desktop/MIC/outputs/generated_audio/prompt2_ascending_probe_strong.wav,prompt2,ascending,probe_0.2,0.3893805309734513,0.05551086082059534,0.18584070796460178,0.6569767441860465
/home/stoneyey/Desktop/MIC/outputs/generated_audio/prompt2_descending_baseline.wav,prompt2,descending,baseline,0.25149700598802394,0.06804572672836147,0.2275449101796407,0.48546511627906974
/home/stoneyey/Desktop/MIC/outputs/generated_audio/prompt2_descending_combined.wav,prompt2,descending,combined,0.3026315789473684,0.06339712918660287,0.32894736842105265,0.4418604651162791
/home/stoneyey/Desktop/MIC/outputs/generated_audio/prompt2_descending_itc.wav,prompt2,descending,itc,0.2727272727272727,0.06611570247933883,0.3181818181818182,0.38372093023255816
/home/stoneyey/Desktop/MIC/outputs/generated_audio/prompt2_descending_probe_high.wav,prompt2,descending,probe_0.1,0.22631578947368422,0.07033492822966508,0.23684210526315788,0.5523255813953488
/home/stoneyey/Desktop/MIC/outputs/generated_audio/prompt2_descending_probe_low.wav,prompt2,descending,probe_0.03,0.22966507177033493,0.07003044802087866,0.3157894736842105,0.6075581395348837
/home/stoneyey/Desktop/MIC/outputs/generated_audio/prompt2_descending_probe_mid.wav,prompt2,descending,probe_0.05,0.26903553299492383,0.06645131518227965,0.23857868020304568,0.5726744186046512
/home/stoneyey/Desktop/MIC/outputs/generated_audio/prompt2_descending_probe_strong.wav,prompt2,descending,probe_0.2,0.23036649214659685,0.06996668253212755,0.24083769633507854,0.5552325581395349
/home/stoneyey/Desktop/MIC/outputs/generated_audio/prompt3_alternating_baseline.wav,prompt3,alternating,baseline,0.19844357976653695,0.07286876547576937,0.42412451361867703,0.8538205980066446
/home/stoneyey/Desktop/MIC/outputs/generated_audio/prompt3_alternating_combined.wav,prompt3,alternating,combined,0.25206611570247933,0.0679939894815928,0.1859504132231405,0.8039867109634552
/home/stoneyey/Desktop/MIC/outputs/generated_audio/prompt3_alternating_itc.wav,prompt3,alternating,itc,0.15079365079365079,0.07720057720057721,0.4166666666666667,0.8372093023255814
/home/stoneyey/Desktop/MIC/outputs/generated_audio/prompt3_alternating_probe_high.wav,prompt3,alternating,probe_0.1,0.26,0.06727272727272728,0.26,0.8305647840531561
/home/stoneyey/Desktop/MIC/outputs/generated_audio/prompt3_alternating_probe_low.wav,prompt3,alternating,probe_0.03,0.21610169491525424,0.07126348228043143,0.2796610169491525,0.7840531561461794
/home/stoneyey/Desktop/MIC/outputs/generated_audio/prompt3_alternating_probe_mid.wav,prompt3,alternating,probe_0.05,0.17543859649122806,0.07496012759170653,0.19298245614035087,0.7574750830564784
/home/stoneyey/Desktop/MIC/outputs/generated_audio/prompt3_alternating_probe_strong.wav,prompt3,alternating,probe_0.2,0.29924242424242425,0.0637052341597796,0.24621212121212122,0.8770764119601329
/home/stoneyey/Desktop/MIC/outputs/generated_audio/prompt3_ascending_baseline.wav,prompt3,ascending,baseline,0.15436241610738255,0.07687614399023796,0.23154362416107382,0.8662790697674418
/home/stoneyey/Desktop/MIC/outputs/generated_audio/prompt3_ascending_combined.wav,prompt3,ascending,combined,0.15925925925925927,0.07643097643097642,0.18518518518518517,0.7848837209302325
/home/stoneyey/Desktop/MIC/outputs/generated_audio/prompt3_ascending_itc.wav,prompt3,ascending,itc,0.10884353741496598,0.08101422387136673,0.22789115646258504,0.8546511627906976
/home/stoneyey/Desktop/MIC/outputs/generated_audio/prompt3_ascending_probe_high.wav,prompt3,ascending,probe_0.1,0.2282958199356913,0.07015492546039169,0.17363344051446947,0.9040697674418605
/home/stoneyey/Desktop/MIC/outputs/generated_audio/prompt3_ascending_probe_low.wav,prompt3,ascending,probe_0.03,0.1288135593220339,0.07919876733436056,0.2271186440677966,0.8575581395348837
/home/stoneyey/Desktop/MIC/outputs/generated_audio/prompt3_ascending_probe_mid.wav,prompt3,ascending,probe_0.05,0.25263157894736843,0.06794258373205742,0.16842105263157894,0.8284883720930233
/home/stoneyey/Desktop/MIC/outputs/generated_audio/prompt3_ascending_probe_strong.wav,prompt3,ascending,probe_0.2,0.2576271186440678,0.0674884437596302,0.16610169491525423,0.8575581395348837
/home/stoneyey/Desktop/MIC/outputs/generated_audio/prompt3_descending_baseline.wav,prompt3,descending,baseline,0.2550335570469799,0.0677242220866382,0.16778523489932887,0.8662790697674418
/home/stoneyey/Desktop/MIC/outputs/generated_audio/prompt3_descending_combined.wav,prompt3,descending,combined,0.09818181818181818,0.08198347107438016,0.24363636363636362,0.7994186046511628
/home/stoneyey/Desktop/MIC/outputs/generated_audio/prompt3_descending_itc.wav,prompt3,descending,itc,0.26013513513513514,0.06726044226044225,0.18243243243243243,0.8604651162790697
/home/stoneyey/Desktop/MIC/outputs/generated_audio/prompt3_descending_probe_high.wav,prompt3,descending,probe_0.1,0.2422145328719723,0.06888958792072979,0.18339100346020762,0.8401162790697675
/home/stoneyey/Desktop/MIC/outputs/generated_audio/prompt3_descending_probe_low.wav,prompt3,descending,probe_0.03,0.09688581314878893,0.08210128971374647,0.2041522491349481,0.8401162790697675
/home/stoneyey/Desktop/MIC/outputs/generated_audio/prompt3_descending_probe_mid.wav,prompt3,descending,probe_0.05,0.13414634146341464,0.0787139689578714,0.21138211382113822,0.7151162790697675
/home/stoneyey/Desktop/MIC/outputs/generated_audio/prompt3_descending_probe_strong.wav,prompt3,descending,probe_0.2,0.25418060200668896,0.06780176345393737,0.1806020066889632,0.8691860465116279
/home/stoneyey/Desktop/MIC/outputs/generated_audio/prompt4_alternating_baseline.wav,prompt4,alternating,baseline,0.09829059829059829,0.08197358197358197,0.23504273504273504,0.7774086378737541
/home/stoneyey/Desktop/MIC/outputs/generated_audio/prompt4_alternating_combined.wav,prompt4,alternating,combined,0.4721030042918455,0.04799063597346858,0.22746781115879827,0.7740863787375415
/home/stoneyey/Desktop/MIC/outputs/generated_audio/prompt4_alternating_itc.wav,prompt4,alternating,itc,0.24083769633507854,0.06901475487862922,0.2198952879581152,0.6345514950166113
/home/stoneyey/Desktop/MIC/outputs/generated_audio/prompt4_alternating_probe_high.wav,prompt4,alternating,probe_0.1,0.4024390243902439,0.05432372505543238,0.21544715447154472,0.8172757475083057
/home/stoneyey/Desktop/MIC/outputs/generated_audio/prompt4_alternating_probe_low.wav,prompt4,alternating,probe_0.03,0.3755274261603376,0.056770233985423864,0.24472573839662448,0.7873754152823921
/home/stoneyey/Desktop/MIC/outputs/generated_audio/prompt4_alternating_probe_mid.wav,prompt4,alternating,probe_0.05,0.4714828897338403,0.048047010024196334,0.22813688212927757,0.8737541528239202
/home/stoneyey/Desktop/MIC/outputs/generated_audio/prompt4_alternating_probe_strong.wav,prompt4,alternating,probe_0.2,0.42857142857142855,0.051948051948051945,0.24423963133640553,0.7209302325581395
/home/stoneyey/Desktop/MIC/outputs/generated_audio/prompt4_ascending_baseline.wav,prompt4,ascending,baseline,0.19172932330827067,0.07347915242652085,0.22932330827067668,0.7732558139534884
/home/stoneyey/Desktop/MIC/outputs/generated_audio/prompt4_ascending_combined.wav,prompt4,ascending,combined,0.3042071197411003,0.06325389820535451,0.13915857605177995,0.8982558139534884
/home/stoneyey/Desktop/MIC/outputs/generated_audio/prompt4_ascending_itc.wav,prompt4,ascending,itc,0.34893617021276596,0.05918762088974854,0.17872340425531916,0.6831395348837209
/home/stoneyey/Desktop/MIC/outputs/generated_audio/prompt4_ascending_probe_high.wav,prompt4,ascending,probe_0.1,0.2819672131147541,0.06527570789865872,0.16065573770491803,0.8866279069767442
/home/stoneyey/Desktop/MIC/outputs/generated_audio/prompt4_ascending_probe_low.wav,prompt4,ascending,probe_0.03,0.29605263157894735,0.06399521531100479,0.20065789473684212,0.8837209302325582
/home/stoneyey/Desktop/MIC/outputs/generated_audio/prompt4_ascending_probe_mid.wav,prompt4,ascending,probe_0.05,0.31679389312977096,0.06210964607911173,0.1717557251908397,0.7616279069767442
/home/stoneyey/Desktop/MIC/outputs/generated_audio/prompt4_ascending_probe_strong.wav,prompt4,ascending,probe_0.2,0.22929936305732485,0.07006369426751592,0.1624203821656051,0.9127906976744186
/home/stoneyey/Desktop/MIC/outputs/generated_audio/prompt4_descending_baseline.wav,prompt4,descending,baseline,0.2669172932330827,0.06664388243335612,0.23308270676691728,0.7732558139534884
/home/stoneyey/Desktop/MIC/outputs/generated_audio/prompt4_descending_combined.wav,prompt4,descending,combined,0.2845849802371542,0.06503772906934963,0.23715415019762845,0.7354651162790697
/home/stoneyey/Desktop/MIC/outputs/generated_audio/prompt4_descending_itc.wav,prompt4,descending,itc,0.27111111111111114,0.06626262626262626,0.3333333333333333,0.6540697674418605
/home/stoneyey/Desktop/MIC/outputs/generated_audio/prompt4_descending_probe_high.wav,prompt4,descending,probe_0.1,0.23509933774834438,0.0695364238410596,0.18874172185430463,0.877906976744186
/home/stoneyey/Desktop/MIC/outputs/generated_audio/prompt4_descending_probe_low.wav,prompt4,descending,probe_0.03,0.2440677966101695,0.0687211093990755,0.2033898305084746,0.8575581395348837
/home/stoneyey/Desktop/MIC/outputs/generated_audio/prompt4_descending_probe_mid.wav,prompt4,descending,probe_0.05,0.2536231884057971,0.0678524374176548,0.19927536231884058,0.8023255813953488
/home/stoneyey/Desktop/MIC/outputs/generated_audio/prompt4_descending_probe_strong.wav,prompt4,descending,probe_0.2,0.2706766917293233,0.06630211893369788,0.16165413533834586,0.7732558139534884
/home/stoneyey/Desktop/MIC/outputs/generated_audio/prompt5_alternating_baseline.wav,prompt5,alternating,baseline,0.0,0.09090909090909091,0.31496062992125984,0.8438538205980066
/home/stoneyey/Desktop/MIC/outputs/generated_audio/prompt5_alternating_combined.wav,prompt5,alternating,combined,0.30451127819548873,0.06322624743677374,0.31954887218045114,0.8837209302325582
/home/stoneyey/Desktop/MIC/outputs/generated_audio/prompt5_alternating_itc.wav,prompt5,alternating,itc,0.0,0.09090909090909091,0.3487179487179487,0.6478405315614618
/home/stoneyey/Desktop/MIC/outputs/generated_audio/prompt5_alternating_probe_high.wav,prompt5,alternating,probe_0.1,0.3044982698961938,0.06322743000943692,0.24567474048442905,0.9601328903654485
/home/stoneyey/Desktop/MIC/outputs/generated_audio/prompt5_alternating_probe_low.wav,prompt5,alternating,probe_0.03,0.1276595744680851,0.07930367504835589,0.17375886524822695,0.9368770764119602
/home/stoneyey/Desktop/MIC/outputs/generated_audio/prompt5_alternating_probe_mid.wav,prompt5,alternating,probe_0.05,0.2517241379310345,0.06802507836990596,0.15172413793103448,0.9634551495016611
/home/stoneyey/Desktop/MIC/outputs/generated_audio/prompt5_alternating_probe_strong.wav,prompt5,alternating,probe_0.2,0.314878892733564,0.06228373702422146,0.28027681660899656,0.9601328903654485
/home/stoneyey/Desktop/MIC/outputs/generated_audio/prompt5_ascending_baseline.wav,prompt5,ascending,baseline,0.12794612794612795,0.0792776247321702,0.25252525252525254,0.8633720930232558
/home/stoneyey/Desktop/MIC/outputs/generated_audio/prompt5_ascending_combined.wav,prompt5,ascending,combined,0.2635135135135135,0.06695331695331695,0.22972972972972974,0.8604651162790697
/home/stoneyey/Desktop/MIC/outputs/generated_audio/prompt5_ascending_itc.wav,prompt5,ascending,itc,0.035398230088495575,0.08769106999195495,0.1902654867256637,0.6569767441860465
/home/stoneyey/Desktop/MIC/outputs/generated_audio/prompt5_ascending_probe_high.wav,prompt5,ascending,probe_0.1,0.18120805369127516,0.07443563148261136,0.2483221476510067,0.8662790697674418
/home/stoneyey/Desktop/MIC/outputs/generated_audio/prompt5_ascending_probe_low.wav,prompt5,ascending,probe_0.03,0.24834437086092714,0.0683323299217339,0.15894039735099338,0.877906976744186
/home/stoneyey/Desktop/MIC/outputs/generated_audio/prompt5_ascending_probe_mid.wav,prompt5,ascending,probe_0.05,0.24148606811145512,0.06895581198986772,0.18575851393188855,0.938953488372093
/home/stoneyey/Desktop/MIC/outputs/generated_audio/prompt5_ascending_probe_strong.wav,prompt5,ascending,probe_0.2,0.23548387096774193,0.06950146627565983,0.2709677419354839,0.9011627906976745
/home/stoneyey/Desktop/MIC/outputs/generated_audio/prompt5_descending_baseline.wav,prompt5,descending,baseline,0.05387205387205387,0.08601163146617692,0.20202020202020202,0.8633720930232558
/home/stoneyey/Desktop/MIC/outputs/generated_audio/prompt5_descending_combined.wav,prompt5,descending,combined,0.10461538461538461,0.0813986013986014,0.24,0.9447674418604651
/home/stoneyey/Desktop/MIC/outputs/generated_audio/prompt5_descending_itc.wav,prompt5,descending,itc,0.059006211180124224,0.08554488989271597,0.18012422360248448,0.936046511627907
/home/stoneyey/Desktop/MIC/outputs/generated_audio/prompt5_descending_probe_high.wav,prompt5,descending,probe_0.1,0.24148606811145512,0.06895581198986772,0.13312693498452013,0.938953488372093
/home/stoneyey/Desktop/MIC/outputs/generated_audio/prompt5_descending_probe_low.wav,prompt5,descending,probe_0.03,0.10153846153846154,0.08167832167832167,0.27076923076923076,0.9447674418604651
/home/stoneyey/Desktop/MIC/outputs/generated_audio/prompt5_descending_probe_mid.wav,prompt5,descending,probe_0.05,0.23692307692307693,0.06937062937062936,0.14153846153846153,0.9447674418604651
/home/stoneyey/Desktop/MIC/outputs/generated_audio/prompt5_descending_probe_strong.wav,prompt5,descending,probe_0.2,0.275974025974026,0.06582054309327036,0.1396103896103896,0.8953488372093024
/home/stoneyey/Desktop/MIC/outputs/generated_audio/prompt6_alternating_baseline.wav,prompt6,alternating,baseline,0.0,0.09090909090909091,0.41304347826086957,0.9169435215946844
/home/stoneyey/Desktop/MIC/outputs/generated_audio/prompt6_alternating_combined.wav,prompt6,alternating,combined,0.15331010452961671,0.07697180867912574,0.27177700348432055,0.9534883720930233
/home/stoneyey/Desktop/MIC/outputs/generated_audio/prompt6_alternating_itc.wav,prompt6,alternating,itc,0.0,0.09090909090909091,0.42105263157894735,0.946843853820598
/home/stoneyey/Desktop/MIC/outputs/generated_audio/prompt6_alternating_probe_high.wav,prompt6,alternating,probe_0.1,0.22333333333333333,0.0706060606060606,0.16666666666666666,0.9966777408637874
/home/stoneyey/Desktop/MIC/outputs/generated_audio/prompt6_alternating_probe_low.wav,prompt6,alternating,probe_0.03,0.0706713780918728,0.08448442017346612,0.1978798586572438,0.9401993355481728
/home/stoneyey/Desktop/MIC/outputs/generated_audio/prompt6_alternating_probe_mid.wav,prompt6,alternating,probe_0.05,0.21140939597315436,0.07169005491153142,0.1342281879194631,0.9900332225913622
/home/stoneyey/Desktop/MIC/outputs/generated_audio/prompt6_alternating_probe_strong.wav,prompt6,alternating,probe_0.2,0.2604166666666667,0.0672348484848485,0.1875,0.9568106312292359
/home/stoneyey/Desktop/MIC/outputs/generated_audio/prompt6_ascending_baseline.wav,prompt6,ascending,baseline,0.09872611464968153,0.08193398957730168,0.2484076433121019,0.9127906976744186
/home/stoneyey/Desktop/MIC/outputs/generated_audio/prompt6_ascending_combined.wav,prompt6,ascending,combined,0.005076142131979695,0.09044762344254731,0.2131979695431472,0.5726744186046512
/home/stoneyey/Desktop/MIC/outputs/generated_audio/prompt6_ascending_itc.wav,prompt6,ascending,itc,0.11782477341389729,0.08019774787146389,0.2537764350453172,0.9622093023255814
/home/stoneyey/Desktop/MIC/outputs/generated_audio/prompt6_ascending_probe_high.wav,prompt6,ascending,probe_0.1,0.09411764705882353,0.0823529411764706,0.17352941176470588,0.9883720930232558
/home/stoneyey/Desktop/MIC/outputs/generated_audio/prompt6_ascending_probe_low.wav,prompt6,ascending,probe_0.03,0.07112970711297072,0.08444275389882085,0.3054393305439331,0.6947674418604651
/home/stoneyey/Desktop/MIC/outputs/generated_audio/prompt6_ascending_probe_mid.wav,prompt6,ascending,probe_0.05,0.10089020771513353,0.08173725384407876,0.1632047477744807,0.9796511627906976
/home/stoneyey/Desktop/MIC/outputs/generated_audio/prompt6_ascending_probe_strong.wav,prompt6,ascending,probe_0.2,0.11764705882352941,0.08021390374331551,0.15588235294117647,0.9883720930232558
/home/stoneyey/Desktop/MIC/outputs/generated_audio/prompt6_descending_baseline.wav,prompt6,descending,baseline,0.13694267515923567,0.07845975680370584,0.2484076433121019,0.9127906976744186
/home/stoneyey/Desktop/MIC/outputs/generated_audio/prompt6_descending_combined.wav,prompt6,descending,combined,0.12835820895522387,0.07924016282225237,0.19701492537313434,0.9738372093023255
/home/stoneyey/Desktop/MIC/outputs/generated_audio/prompt6_descending_itc.wav,prompt6,descending,itc,0.14052287581699346,0.07813428401663697,0.2581699346405229,0.8895348837209303
/home/stoneyey/Desktop/MIC/outputs/generated_audio/prompt6_descending_probe_high.wav,prompt6,descending,probe_0.1,0.09411764705882353,0.0823529411764706,0.13823529411764707,0.9883720930232558
/home/stoneyey/Desktop/MIC/outputs/generated_audio/prompt6_descending_probe_low.wav,prompt6,descending,probe_0.03,0.05627705627705628,0.08579299488390398,0.30303030303030304,0.6715116279069767
/home/stoneyey/Desktop/MIC/outputs/generated_audio/prompt6_descending_probe_mid.wav,prompt6,descending,probe_0.05,0.10324483775811209,0.08152319656744435,0.20353982300884957,0.9854651162790697
/home/stoneyey/Desktop/MIC/outputs/generated_audio/prompt6_descending_probe_strong.wav,prompt6,descending,probe_0.2,0.10882352941176471,0.08101604278074866,0.1411764705882353,0.9883720930232558
/home/stoneyey/Desktop/MIC/outputs/generated_audio/prompt7_alternating_baseline.wav,prompt7,alternating,baseline,0.02702702702702703,0.08845208845208846,0.27364864864864863,0.9833887043189369
/home/stoneyey/Desktop/MIC/outputs/generated_audio/prompt7_alternating_combined.wav,prompt7,alternating,combined,0.39361702127659576,0.0551257253384913,0.1595744680851064,0.6245847176079734
/home/stoneyey/Desktop/MIC/outputs/generated_audio/prompt7_alternating_itc.wav,prompt7,alternating,itc,0.0,0.09090909090909091,0.2923076923076923,0.8637873754152824
/home/stoneyey/Desktop/MIC/outputs/generated_audio/prompt7_alternating_probe_high.wav,prompt7,alternating,probe_0.1,0.29136690647482016,0.0644211903204709,0.2805755395683453,0.9235880398671097
/home/stoneyey/Desktop/MIC/outputs/generated_audio/prompt7_alternating_probe_low.wav,prompt7,alternating,probe_0.03,0.29296875,0.06427556818181818,0.1953125,0.8504983388704319
/home/stoneyey/Desktop/MIC/outputs/generated_audio/prompt7_alternating_probe_mid.wav,prompt7,alternating,probe_0.05,0.3187250996015936,0.06193408185440057,0.30677290836653387,0.8338870431893688
/home/stoneyey/Desktop/MIC/outputs/generated_audio/prompt7_alternating_probe_strong.wav,prompt7,alternating,probe_0.2,0.29856115107913667,0.06376716808371484,0.2697841726618705,0.9235880398671097
/home/stoneyey/Desktop/MIC/outputs/generated_audio/prompt7_ascending_baseline.wav,prompt7,ascending,baseline,0.008849557522123894,0.09010458567980692,0.23008849557522124,0.9854651162790697
/home/stoneyey/Desktop/MIC/outputs/generated_audio/prompt7_ascending_combined.wav,prompt7,ascending,combined,0.3389830508474576,0.060092449922958396,0.19915254237288135,0.686046511627907
/home/stoneyey/Desktop/MIC/outputs/generated_audio/prompt7_ascending_itc.wav,prompt7,ascending,itc,0.0,0.09090909090909091,0.2706270627062706,0.8808139534883721
/home/stoneyey/Desktop/MIC/outputs/generated_audio/prompt7_ascending_probe_high.wav,prompt7,ascending,probe_0.1,0.27129337539432175,0.06624605678233438,0.21766561514195584,0.9215116279069767
/home/stoneyey/Desktop/MIC/outputs/generated_audio/prompt7_ascending_probe_low.wav,prompt7,ascending,probe_0.03,0.22073578595317725,0.07084220127698389,0.1505016722408027,0.8691860465116279
/home/stoneyey/Desktop/MIC/outputs/generated_audio/prompt7_ascending_probe_mid.wav,prompt7,ascending,probe_0.05,0.28135593220338984,0.06533127889060092,0.2033898305084746,0.8575581395348837
/home/stoneyey/Desktop/MIC/outputs/generated_audio/prompt7_ascending_probe_strong.wav,prompt7,ascending,probe_0.2,0.24172185430463577,0.06893437688139675,0.18543046357615894,0.877906976744186
/home/stoneyey/Desktop/MIC/outputs/generated_audio/prompt7_descending_baseline.wav,prompt7,descending,baseline,0.008849557522123894,0.09010458567980692,0.23008849557522124,0.9854651162790697
/home/stoneyey/Desktop/MIC/outputs/generated_audio/prompt7_descending_combined.wav,prompt7,descending,combined,0.2770700636942675,0.06572090330052113,0.13694267515923567,0.9127906976744186
/home/stoneyey/Desktop/MIC/outputs/generated_audio/prompt7_descending_itc.wav,prompt7,descending,itc,0.0,0.09090909090909091,0.221875,0.9302325581395349
/home/stoneyey/Desktop/MIC/outputs/generated_audio/prompt7_descending_probe_high.wav,prompt7,descending,probe_0.1,0.2626582278481013,0.06703107019562715,0.14240506329113925,0.9186046511627907
/home/stoneyey/Desktop/MIC/outputs/generated_audio/prompt7_descending_probe_low.wav,prompt7,descending,probe_0.03,0.21885521885521886,0.07101316192225283,0.1447811447811448,0.8633720930232558
/home/stoneyey/Desktop/MIC/outputs/generated_audio/prompt7_descending_probe_mid.wav,prompt7,descending,probe_0.05,0.284375,0.06505681818181819,0.125,0.9302325581395349
/home/stoneyey/Desktop/MIC/outputs/generated_audio/prompt7_descending_probe_strong.wav,prompt7,descending,probe_0.2,0.23076923076923078,0.06993006993006994,0.15384615384615385,0.8691860465116279
/home/stoneyey/Desktop/MIC/outputs/generated_audio/prompt8_alternating_baseline.wav,prompt8,alternating,baseline,0.027522935779816515,0.08840700583819851,0.3119266055045872,0.7242524916943521
/home/stoneyey/Desktop/MIC/outputs/generated_audio/prompt8_alternating_combined.wav,prompt8,alternating,combined,0.2868217054263566,0.06483439041578576,0.2248062015503876,0.8571428571428571
/home/stoneyey/Desktop/MIC/outputs/generated_audio/prompt8_alternating_itc.wav,prompt8,alternating,itc,0.1346153846153846,0.07867132867132869,0.25,0.6910299003322259
/home/stoneyey/Desktop/MIC/outputs/generated_audio/prompt8_alternating_probe_high.wav,prompt8,alternating,probe_0.1,0.3175182481751825,0.062043795620437964,0.22262773722627738,0.9102990033222591
/home/stoneyey/Desktop/MIC/outputs/generated_audio/prompt8_alternating_probe_low.wav,prompt8,alternating,probe_0.03,0.2740740740740741,0.06599326599326599,0.24814814814814815,0.8970099667774086
/home/stoneyey/Desktop/MIC/outputs/generated_audio/prompt8_alternating_probe_mid.wav,prompt8,alternating,probe_0.05,0.3048327137546468,0.06319702602230483,0.22676579925650558,0.893687707641196
/home/stoneyey/Desktop/MIC/outputs/generated_audio/prompt8_alternating_probe_strong.wav,prompt8,alternating,probe_0.2,0.3175182481751825,0.062043795620437964,0.22262773722627738,0.9102990033222591
/home/stoneyey/Desktop/MIC/outputs/generated_audio/prompt8_ascending_baseline.wav,prompt8,ascending,baseline,0.04938271604938271,0.08641975308641975,0.2551440329218107,0.7063953488372093
/home/stoneyey/Desktop/MIC/outputs/generated_audio/prompt8_ascending_combined.wav,prompt8,ascending,combined,0.15714285714285714,0.07662337662337661,0.175,0.813953488372093
/home/stoneyey/Desktop/MIC/outputs/generated_audio/prompt8_ascending_itc.wav,prompt8,ascending,itc,0.05263157894736842,0.0861244019138756,0.32456140350877194,0.6627906976744186
/home/stoneyey/Desktop/MIC/outputs/generated_audio/prompt8_ascending_probe_high.wav,prompt8,ascending,probe_0.1,0.26282051282051283,0.06701631701631701,0.16987179487179488,0.9069767441860465
/home/stoneyey/Desktop/MIC/outputs/generated_audio/prompt8_ascending_probe_low.wav,prompt8,ascending,probe_0.03,0.18439716312056736,0.07414571244358478,0.19858156028368795,0.8197674418604651
/home/stoneyey/Desktop/MIC/outputs/generated_audio/prompt8_ascending_probe_mid.wav,prompt8,ascending,probe_0.05,0.26644736842105265,0.06668660287081339,0.17434210526315788,0.8837209302325582
/home/stoneyey/Desktop/MIC/outputs/generated_audio/prompt8_ascending_probe_strong.wav,prompt8,ascending,probe_0.2,0.26198083067092653,0.0670926517571885,0.17252396166134185,0.9098837209302325
/home/stoneyey/Desktop/MIC/outputs/generated_audio/prompt8_descending_baseline.wav,prompt8,descending,baseline,0.2551440329218107,0.06771417882528995,0.18930041152263374,0.7063953488372093
/home/stoneyey/Desktop/MIC/outputs/generated_audio/prompt8_descending_combined.wav,prompt8,descending,combined,0.2694805194805195,0.06641086186540732,0.1396103896103896,0.8953488372093024
/home/stoneyey/Desktop/MIC/outputs/generated_audio/prompt8_descending_itc.wav,prompt8,descending,itc,0.2425531914893617,0.06885880077369438,0.2553191489361702,0.6831395348837209
/home/stoneyey/Desktop/MIC/outputs/generated_audio/prompt8_descending_probe_high.wav,prompt8,descending,probe_0.1,0.26384364820846906,0.066923304708321,0.14332247557003258,0.8924418604651163
/home/stoneyey/Desktop/MIC/outputs/generated_audio/prompt8_descending_probe_low.wav,prompt8,descending,probe_0.03,0.17142857142857143,0.07532467532467534,0.15357142857142858,0.813953488372093
/home/stoneyey/Desktop/MIC/outputs/generated_audio/prompt8_descending_probe_mid.wav,prompt8,descending,probe_0.05,0.26490066225165565,0.06682721252257676,0.1423841059602649,0.877906976744186
/home/stoneyey/Desktop/MIC/outputs/generated_audio/prompt8_descending_probe_strong.wav,prompt8,descending,probe_0.2,0.2604501607717042,0.06723180356620873,0.1414790996784566,0.9040697674418605
/home/stoneyey/Desktop/MIC/outputs/generated_audio/prompt9_alternating_baseline.wav,prompt9,alternating,baseline,0.17159763313609466,0.07530930607853685,0.3668639053254438,0.5614617940199336
/home/stoneyey/Desktop/MIC/outputs/generated_audio/prompt9_alternating_combined.wav,prompt9,alternating,combined,0.3924050632911392,0.055235903337169164,0.3628691983122363,0.7873754152823921
/home/stoneyey/Desktop/MIC/outputs/generated_audio/prompt9_alternating_itc.wav,prompt9,alternating,itc,0.15178571428571427,0.07711038961038962,0.41964285714285715,0.37209302325581395
/home/stoneyey/Desktop/MIC/outputs/generated_audio/prompt9_alternating_probe_high.wav,prompt9,alternating,probe_0.1,0.40609137055837563,0.05399169358560221,0.38071065989847713,0.654485049833887
/home/stoneyey/Desktop/MIC/outputs/generated_audio/prompt9_alternating_probe_low.wav,prompt9,alternating,probe_0.03,0.3677685950413223,0.0574755822689707,0.2768595041322314,0.8039867109634552
/home/stoneyey/Desktop/MIC/outputs/generated_audio/prompt9_alternating_probe_mid.wav,prompt9,alternating,probe_0.05,0.3902439024390244,0.05543237250554323,0.2926829268292683,0.8172757475083057
/home/stoneyey/Desktop/MIC/outputs/generated_audio/prompt9_alternating_probe_strong.wav,prompt9,alternating,probe_0.2,0.3319672131147541,0.06073025335320417,0.3524590163934426,0.8106312292358804
/home/stoneyey/Desktop/MIC/outputs/generated_audio/prompt9_ascending_baseline.wav,prompt9,ascending,baseline,0.0,0.09090909090909091,0.24598930481283424,0.5436046511627907
/home/stoneyey/Desktop/MIC/outputs/generated_audio/prompt9_ascending_combined.wav,prompt9,ascending,combined,0.2852112676056338,0.0649807938540333,0.18309859154929578,0.8255813953488372
/home/stoneyey/Desktop/MIC/outputs/generated_audio/prompt9_ascending_itc.wav,prompt9,ascending,itc,0.0,0.09090909090909091,0.32575757575757575,0.38372093023255816
/home/stoneyey/Desktop/MIC/outputs/generated_audio/prompt9_ascending_probe_high.wav,prompt9,ascending,probe_0.1,0.2789115646258503,0.06555349412492269,0.14625850340136054,0.8546511627906976
/home/stoneyey/Desktop/MIC/outputs/generated_audio/prompt9_ascending_probe_low.wav,prompt9,ascending,probe_0.03,0.30742049469964666,0.06296177320912304,0.2756183745583039,0.8226744186046512
/home/stoneyey/Desktop/MIC/outputs/generated_audio/prompt9_ascending_probe_mid.wav,prompt9,ascending,probe_0.05,0.28368794326241137,0.06511927788523532,0.1524822695035461,0.8197674418604651
/home/stoneyey/Desktop/MIC/outputs/generated_audio/prompt9_ascending_probe_strong.wav,prompt9,ascending,probe_0.2,0.2949640287769784,0.06409417920209287,0.15467625899280577,0.8081395348837209
/home/stoneyey/Desktop/MIC/outputs/generated_audio/prompt9_descending_baseline.wav,prompt9,descending,baseline,0.0,0.09090909090909091,0.41711229946524064,0.5436046511627907
/home/stoneyey/Desktop/MIC/outputs/generated_audio/prompt9_descending_combined.wav,prompt9,descending,combined,0.3014705882352941,0.06350267379679143,0.15808823529411764,0.7906976744186046
/home/stoneyey/Desktop/MIC/outputs/generated_audio/prompt9_descending_itc.wav,prompt9,descending,itc,0.10457516339869281,0.0814022578728461,0.35294117647058826,0.44476744186046513
/home/stoneyey/Desktop/MIC/outputs/generated_audio/prompt9_descending_probe_high.wav,prompt9,descending,probe_0.1,0.281786941580756,0.06529209621993128,0.17869415807560138,0.8459302325581395
/home/stoneyey/Desktop/MIC/outputs/generated_audio/prompt9_descending_probe_low.wav,prompt9,descending,probe_0.03,0.40350877192982454,0.05422647527910685,0.1824561403508772,0.8284883720930233
/home/stoneyey/Desktop/MIC/outputs/generated_audio/prompt9_descending_probe_mid.wav,prompt9,descending,probe_0.05,0.291970802919708,0.06436629064366291,0.15693430656934307,0.7965116279069767
/home/stoneyey/Desktop/MIC/outputs/generated_audio/prompt9_descending_probe_strong.wav,prompt9,descending,probe_0.2,0.29285714285714287,0.06428571428571428,0.16071428571428573,0.813953488372093
