trial,prompt_id,melody,seed,position,R_at,coherence_mlsp,coherence_w2s,chroma_cos,clap,logmel_l1,coherence_firstnote,bce0,n_updates,runtime_s
dev-p00-ascending-s0,0,ascending,0,-1,,0.18518518518518517,0.25,0.3001851737499237,0.1522645801305771,0.0,0.05,0.320699542760849,0,
dev-p00-ascending-s0,0,ascending,0,26,0.28164932131767273,0.27319587628865977,0.22535211267605634,0.30205127596855164,0.15397760272026062,0.03860392048954964,0.04225352112676056,0.3193545937538147,3,3.1706435680389404
dev-p00-ascending-s1,0,ascending,1,-1,,0.0,0.1506849315068493,0.21203897893428802,0.19955521821975708,0.0,0.0,0.4076211154460907,0,
dev-p00-ascending-s1,0,ascending,1,26,0.31125062704086304,0.0033783783783783786,0.0,0.21694378554821014,0.20666596293449402,0.06090153008699417,0.0136986301369863,0.4019216001033783,3,3.199181079864502
dev-p00-descending-s0,0,descending,0,-1,,0.0,0.016666666666666666,0.2963097095489502,0.1522645801305771,0.0,0.05,0.32793235778808594,0,
dev-p00-descending-s0,0,descending,0,26,0.28164932131767273,0.017482517482517484,0.07407407407407407,0.29404881596565247,0.1419532597064972,0.03584279865026474,0.037037037037037035,0.3274213671684265,3,3.201617956161499
dev-p00-descending-s1,0,descending,1,-1,,0.1513157894736842,0.0136986301369863,0.3056850731372833,0.19955521821975708,0.0,0.0,0.3879072964191437,0,
dev-p00-descending-s1,0,descending,1,26,0.31125062704086304,0.15181518151815182,0.0136986301369863,0.3038574457168579,0.19491448998451233,0.03172896057367325,0.0,0.38704466819763184,3,3.1990365982055664
dev-p00-alternating-s0,0,alternating,0,-1,,0.03404255319148936,0.018518518518518517,0.2924724519252777,0.1522645801305771,0.0,0.05555555555555555,0.34996792674064636,0,
dev-p00-alternating-s0,0,alternating,0,26,0.28164932131767273,0.03347280334728033,0.015384615384615385,0.28992733359336853,0.14620378613471985,0.0352146215736866,0.046153846153846156,0.34942081570625305,3,3.2009518146514893
dev-p00-alternating-s1,0,alternating,1,-1,,0.2988505747126437,0.14516129032258066,0.4581725001335144,0.19955521821975708,0.0,0.0,0.3000986874103546,0,
dev-p00-alternating-s1,0,alternating,1,26,0.31125062704086304,0.3,0.3,0.45712345838546753,0.2032151222229004,0.0542009174823761,0.014285714285714285,0.2989530563354492,3,3.1991472244262695
dev-p00-pedal-s0,0,pedal,0,-1,,0.05925925925925926,0.06666666666666667,0.32364240288734436,0.1522645801305771,0.0,0.06666666666666667,0.37416765093803406,0,
dev-p00-pedal-s0,0,pedal,0,26,0.28164932131767273,0.07881773399014778,0.056338028169014086,0.313207745552063,0.14906497299671173,0.05277171730995178,0.056338028169014086,0.3814426064491272,3,3.198110818862915
dev-p00-pedal-s1,0,pedal,1,-1,,0.0,0.0,0.32012057304382324,0.19955521821975708,0.0,0.0,0.39990484714508057,0,
dev-p00-pedal-s1,0,pedal,1,26,0.31125062704086304,0.0,0.0,0.31502312421798706,0.19043803215026855,0.16367004811763763,0.0,0.3966773748397827,3,3.193265914916992
dev-p00-zigzag-s0,0,zigzag,0,-1,,0.06666666666666667,0.06666666666666667,0.3548204302787781,0.1522645801305771,0.0,0.05,0.32234475016593933,0,
dev-p00-zigzag-s0,0,zigzag,0,26,0.28164932131767273,0.06206896551724138,0.0641025641025641,0.3488442301750183,0.13412047922611237,0.05660778656601906,0.038461538461538464,0.32960307598114014,3,3.192781448364258
dev-p00-zigzag-s1,0,zigzag,1,-1,,0.09539473684210527,0.0,0.3181476593017578,0.19955521821975708,0.0,0.0,0.36698591709136963,0,
dev-p00-zigzag-s1,0,zigzag,1,26,0.31125062704086304,0.0858085808580858,0.0,0.31501534581184387,0.18993788957595825,0.06298131495714188,0.0,0.3734906017780304,3,3.208463191986084
dev-p01-ascending-s0,1,ascending,0,-1,,0.11594202898550725,0.13414634146341464,0.2608514130115509,0.1451108455657959,0.0,0.0,0.39972442388534546,0,
dev-p01-ascending-s0,1,ascending,0,26,0.273994505405426,0.11895910780669144,0.14634146341463414,0.26184847950935364,0.1282637119293213,0.05826173722743988,0.0,0.3999331593513489,3,3.1952242851257324
dev-p01-ascending-s1,1,ascending,1,-1,,0.0729483282674772,0.08333333333333333,0.14360271394252777,0.2651369869709015,0.0,0.07142857142857142,0.44544366002082825,0,
dev-p01-ascending-s1,1,ascending,1,26,0.31131383776664734,0.0701219512195122,0.08333333333333333,0.14174766838550568,0.25444337725639343,0.03514179214835167,0.07142857142857142,0.4454721212387085,3,3.3014578819274902
dev-p01-descending-s0,1,descending,0,-1,,0.050724637681159424,0.13414634146341464,0.23283295333385468,0.1451108455657959,0.0,0.0,0.4293443262577057,0,
dev-p01-descending-s0,1,descending,0,26,0.273994505405426,0.050724637681159424,0.13580246913580246,0.2324754297733307,0.13699954748153687,0.06688938289880753,0.0,0.4314830005168915,3,3.1848087310791016
dev-p01-descending-s1,1,descending,1,-1,,0.22188449848024316,0.2261904761904762,0.2960195541381836,0.2651369869709015,0.0,0.07142857142857142,0.40570303797721863,0,
dev-p01-descending-s1,1,descending,1,26,0.31131383776664734,0.22188449848024316,0.2289156626506024,0.2949150502681732,0.26412996649742126,0.024768635630607605,0.060240963855421686,0.4054671823978424,3,3.19865083694458
dev-p01-alternating-s0,1,alternating,0,-1,,0.2384937238493724,0.30985915492957744,0.24569618701934814,0.1451108455657959,0.0,0.0,0.40828073024749756,0,
dev-p01-alternating-s0,1,alternating,0,26,0.273994505405426,0.2425531914893617,0.2602739726027397,0.24687619507312775,0.12759608030319214,0.0634094774723053,0.0,0.40529030561447144,3,3.216171979904175
dev-p01-alternating-s1,1,alternating,1,-1,,0.23776223776223776,0.2328767123287671,0.33993300795555115,0.2651369869709015,0.0,0.0821917808219178,0.3182561993598938,0,
dev-p01-alternating-s1,1,alternating,1,26,0.31131383776664734,0.23776223776223776,0.2328767123287671,0.3512459695339203,0.25076785683631897,0.13656248152256012,0.0684931506849315,0.31271952390670776,3,3.205172061920166
dev-p01-pedal-s0,1,pedal,0,-1,,0.0,0.0,0.12906336784362793,0.1451108455657959,0.0,0.0,0.46598732471466064,0,
dev-p01-pedal-s0,1,pedal,0,26,0.273994505405426,0.0,0.012048192771084338,0.12424211949110031,0.1309158354997635,0.07579600065946579,0.012048192771084338,0.4678872227668762,3,3.202388048171997
dev-p01-pedal-s1,1,pedal,1,-1,,0.0,0.0,0.10695866495370865,0.2651369869709015,0.0,0.0,0.5153742432594299,0,
dev-p01-pedal-s1,1,pedal,1,26,0.31131383776664734,0.0,0.0,0.10597492754459381,0.25845056772232056,0.036737289279699326,0.0,0.5141085386276245,3,3.1994681358337402
dev-p01-zigzag-s0,1,zigzag,0,-1,,0.2210144927536232,0.23170731707317074,0.3168574571609497,0.1451108455657959,0.0,0.0,0.3561677932739258,0,
dev-p01-zigzag-s0,1,zigzag,0,26,0.273994505405426,0.2066420664206642,0.2345679012345679,0.3171359896659851,0.16477461159229279,0.06313479691743851,0.0,0.35751277208328247,3,3.1924219131469727
dev-p01-zigzag-s1,1,zigzag,1,-1,,0.2006079027355623,0.20238095238095238,0.2639120817184448,0.2651369869709015,0.0,0.07142857142857142,0.3890804350376129,0,
dev-p01-zigzag-s1,1,zigzag,1,26,0.31131383776664734,0.2006079027355623,0.20481927710843373,0.26609137654304504,0.25949376821517944,0.054850172251462936,0.04819277108433735,0.3873882293701172,3,3.188950300216675
dev-p02-ascending-s0,2,ascending,0,-1,,0.0981012658227848,0.11627906976744186,0.2712668180465698,0.22458577156066895,0.0,0.0,0.35999882221221924,0,
dev-p02-ascending-s0,2,ascending,0,26,0.2782004177570343,0.033582089552238806,0.058823529411764705,0.30996179580688477,0.1996946930885315,0.11485277116298676,0.011764705882352941,0.3599162995815277,3,3.1983792781829834
dev-p02-ascending-s1,2,ascending,1,-1,,0.0,0.012987012987012988,0.17535509169101715,0.1629790961742401,0.0,0.0,0.3952395021915436,0,
dev-p02-ascending-s1,2,ascending,1,26,0.3112470805644989,0.0,0.014492753623188406,0.17027045786380768,0.16481848061084747,0.04716300219297409,0.0,0.39759013056755066,3,3.1999025344848633
dev-p02-descending-s0,2,descending,0,-1,,0.1360759493670886,0.13953488372093023,0.3347616195678711,0.22458577156066895,0.0,0.0,0.3617812395095825,0,
dev-p02-descending-s0,2,descending,0,26,0.2782004177570343,0.15357142857142858,0.1891891891891892,0.3453054130077362,0.16364142298698425,0.07312656939029694,0.0,0.3606010973453522,3,3.2124149799346924
dev-p02-descending-s1,2,descending,1,-1,,0.08695652173913043,0.06493506493506493,0.19152787327766418,0.1629790961742401,0.0,0.0,0.41711652278900146,0,
dev-p02-descending-s1,2,descending,1,26,0.3112470805644989,0.09282700421940929,0.07894736842105263,0.1959686130285263,0.1773136854171753,0.0417296476662159,0.0,0.41477882862091064,3,3.2103230953216553
dev-p02-alternating-s0,2,alternating,0,-1,,0.0,0.013333333333333334,0.25709474086761475,0.22458577156066895,0.0,0.0,0.4170563817024231,0,
dev-p02-alternating-s0,2,alternating,0,26,0.2782004177570343,0.0,0.0,0.23206135630607605,0.17097917199134827,0.0458245724439621,0.0,0.4142531454563141,3,3.187767505645752
dev-p02-alternating-s1,2,alternating,1,-1,,0.07725321888412018,0.06060606060606061,0.25601938366889954,0.1629790961742401,0.0,0.0,0.3180080056190491,0,
dev-p02-alternating-s1,2,alternating,1,26,0.3112470805644989,0.057692307692307696,0.1076923076923077,0.2644087076187134,0.15464504063129425,0.09602366387844086,0.0,0.3033599257469177,3,3.192676544189453
dev-p02-pedal-s0,2,pedal,0,-1,,0.0,0.0,0.1052340716123581,0.22458577156066895,0.0,0.0,0.6287102699279785,0,
dev-p02-pedal-s0,2,pedal,0,26,0.2782004177570343,0.0,0.0,0.09742292016744614,0.17330601811408997,0.10196936875581741,0.0,0.645437479019165,3,3.2039718627929688
dev-p02-pedal-s1,2,pedal,1,-1,,0.0,0.0,0.11466880142688751,0.1629790961742401,0.0,0.0,0.43418779969215393,0,
dev-p02-pedal-s1,2,pedal,1,26,0.3112470805644989,0.0,0.0,0.11725576221942902,0.1665550172328949,0.03820459544658661,0.0,0.4278953969478607,3,3.188600540161133
dev-p02-zigzag-s0,2,zigzag,0,-1,,0.0,0.0,0.22149381041526794,0.22458577156066895,0.0,0.0,0.40315791964530945,0,
dev-p02-zigzag-s0,2,zigzag,0,26,0.2782004177570343,0.0,0.03571428571428571,0.22971758246421814,0.16678175330162048,0.08967515826225281,0.011904761904761904,0.4173641800880432,3,3.197413682937622
dev-p02-zigzag-s1,2,zigzag,1,-1,,0.03260869565217391,0.025974025974025976,0.21947374939918518,0.1629790961742401,0.0,0.0,0.3912551701068878,0,
dev-p02-zigzag-s1,2,zigzag,1,26,0.3112470805644989,0.05241935483870968,0.039473684210526314,0.22681832313537598,0.15353712439537048,0.10520711541175842,0.0,0.3847292363643646,3,3.2035040855407715
dev-p03-ascending-s0,3,ascending,0,-1,,0.15458937198067632,0.1282051282051282,0.40008488297462463,0.07564455270767212,0.0,0.4358974358974359,0.2796100080013275,0,
dev-p03-ascending-s0,3,ascending,0,26,0.2714715898036957,0.21721311475409835,0.18421052631578946,0.4026314914226532,0.09225945919752121,0.6645014882087708,0.5,0.2826499044895172,3,3.191380739212036
dev-p03-ascending-s1,3,ascending,1,-1,,0.028985507246376812,0.04,0.2768811583518982,0.29145538806915283,0.0,0.09333333333333334,0.2601553201675415,0,
dev-p03-ascending-s1,3,ascending,1,26,0.3070105314254761,0.036231884057971016,0.03896103896103896,0.27617281675338745,0.29461202025413513,0.10461541265249252,0.09090909090909091,0.26218846440315247,3,3.189816951751709
dev-p03-descending-s0,3,descending,0,-1,,0.21739130434782608,0.2692307692307692,0.3671533465385437,0.07564455270767212,0.0,0.4358974358974359,0.3007151186466217,0,
dev-p03-descending-s0,3,descending,0,26,0.2714715898036957,0.26859504132231404,0.2727272727272727,0.3630434274673462,0.07864736020565033,0.09014422446489334,0.44155844155844154,0.30467870831489563,3,3.1849775314331055
dev-p03-descending-s1,3,descending,1,-1,,0.2427536231884058,0.22666666666666666,0.34898969531059265,0.29145538806915283,0.0,0.09333333333333334,0.2585916519165039,0,
dev-p03-descending-s1,3,descending,1,26,0.3070105314254761,0.24074074074074073,0.2328767123287671,0.34720027446746826,0.2919326424598694,0.09737677127122879,0.0958904109589041,0.2595415413379669,3,3.203643798828125
dev-p03-alternating-s0,3,alternating,0,-1,,0.4,0.26865671641791045,0.4518216550350189,0.07564455270767212,0.0,0.4626865671641791,0.26243844628334045,0,
dev-p03-alternating-s0,3,alternating,0,26,0.2714715898036957,0.32286995515695066,0.24193548387096775,0.4518473744392395,0.07294084131717682,0.10995377600193024,0.43548387096774194,0.2637420892715454,3,3.1745524406433105
dev-p03-alternating-s1,3,alternating,1,-1,,0.2301255230125523,0.21212121212121213,0.4193447530269623,0.29145538806915283,0.0,0.10606060606060606,0.1661386787891388,0,
dev-p03-alternating-s1,3,alternating,1,26,0.3070105314254761,0.2384937238493724,0.22727272727272727,0.41947880387306213,0.29394763708114624,0.03640402853488922,0.10606060606060606,0.1667834371328354,3,3.168977975845337
dev-p03-pedal-s0,3,pedal,0,-1,,0.15942028985507245,0.16666666666666666,0.37582260370254517,0.07564455270767212,0.0,0.01282051282051282,0.33407196402549744,0,
dev-p03-pedal-s0,3,pedal,0,26,0.2714715898036957,0.13333333333333333,0.09090909090909091,0.3717139959335327,0.0753912702202797,0.2161446362733841,0.0,0.3417637050151825,3,3.1629533767700195
dev-p03-pedal-s1,3,pedal,1,-1,,0.12318840579710146,0.12,0.33435800671577454,0.29145538806915283,0.0,0.10666666666666667,0.2018250674009323,0,
dev-p03-pedal-s1,3,pedal,1,26,0.3070105314254761,0.12830188679245283,0.12,0.3382401168346405,0.287784218788147,0.1237984225153923,0.10666666666666667,0.19693052768707275,3,3.169342041015625
dev-p03-zigzag-s0,3,zigzag,0,-1,,0.15458937198067632,0.11538461538461539,0.39129310846328735,0.07564455270767212,0.0,0.4358974358974359,0.2742569148540497,0,
dev-p03-zigzag-s0,3,zigzag,0,26,0.2714715898036957,0.1461187214611872,0.0875,0.37980759143829346,0.08518804609775543,0.652097761631012,0.4,0.2817523181438446,3,3.1730289459228516
dev-p03-zigzag-s1,3,zigzag,1,-1,,0.13768115942028986,0.10666666666666667,0.3365492522716522,0.29145538806915283,0.0,0.09333333333333334,0.20905306935310364,0,
dev-p03-zigzag-s1,3,zigzag,1,26,0.3070105314254761,0.14388489208633093,0.10666666666666667,0.33888205885887146,0.2914600372314453,0.06977783143520355,0.08,0.20911893248558044,3,3.1669259071350098
dev-p04-ascending-s0,4,ascending,0,-1,,0.3469387755102041,0.18181818181818182,0.32844406366348267,0.30435556173324585,0.0,0.0,0.31298497319221497,0,
dev-p04-ascending-s0,4,ascending,0,26,0.2713146209716797,0.35172413793103446,0.17857142857142858,0.3312544524669647,0.2995092272758484,0.025192467495799065,0.0,0.31158655881881714,3,3.177273750305176
dev-p04-ascending-s1,4,ascending,1,-1,,0.1396103896103896,0.13253012048192772,0.24277372658252716,0.2474614828824997,0.0,0.0,0.4366230368614197,0,
dev-p04-ascending-s1,4,ascending,1,26,0.3033428192138672,0.1360759493670886,0.13253012048192772,0.24302922189235687,0.25814682245254517,0.04698505625128746,0.0,0.439843088388443,3,3.171193838119507
dev-p04-descending-s0,4,descending,0,-1,,0.0,0.05454545454545454,0.33010122179985046,0.30435556173324585,0.0,0.0,0.3263431191444397,0,
dev-p04-descending-s0,4,descending,0,26,0.2713146209716797,0.0,0.017857142857142856,0.34726399183273315,0.2934936583042145,0.05627594515681267,0.0,0.3229900002479553,3,3.173811435699463
dev-p04-descending-s1,4,descending,1,-1,,0.1396103896103896,0.13253012048192772,0.29179900884628296,0.2474614828824997,0.0,0.0,0.41782572865486145,0,
dev-p04-descending-s1,4,descending,1,26,0.3033428192138672,0.14006514657980457,0.13580246913580246,0.2889244854450226,0.25147271156311035,0.03131214901804924,0.0,0.41703805327415466,3,3.178884506225586
dev-p04-alternating-s0,4,alternating,0,-1,,0.047619047619047616,0.09090909090909091,0.3230336606502533,0.30435556173324585,0.0,0.0,0.3250405490398407,0,
dev-p04-alternating-s0,4,alternating,0,26,0.2713146209716797,0.14375,0.1724137931034483,0.34543830156326294,0.3216763436794281,0.08828435093164444,0.0,0.3207983374595642,3,3.166184663772583
dev-p04-alternating-s1,4,alternating,1,-1,,0.24390243902439024,0.24,0.350002259016037,0.2474614828824997,0.0,0.0,0.307638019323349,0,
dev-p04-alternating-s1,4,alternating,1,26,0.3033428192138672,0.24390243902439024,0.24,0.3481954038143158,0.25643467903137207,0.03474448248744011,0.0,0.30892616510391235,3,3.189464807510376
dev-p04-pedal-s0,4,pedal,0,-1,,0.0,0.0,0.3560393154621124,0.30435556173324585,0.0,0.0,0.39371150732040405,0,
dev-p04-pedal-s0,4,pedal,0,26,0.2713146209716797,0.0,0.0,0.3601561188697815,0.3008824586868286,0.06901252269744873,0.0,0.3802315890789032,3,3.204939603805542
dev-p04-pedal-s1,4,pedal,1,-1,,0.0,0.0,0.17881838977336884,0.2474614828824997,0.0,0.0,0.40526700019836426,0,
dev-p04-pedal-s1,4,pedal,1,26,0.3033428192138672,0.0,0.0,0.1755376011133194,0.2541247010231018,0.062045712023973465,0.0,0.4080750644207001,3,3.2003695964813232
dev-p04-zigzag-s0,4,zigzag,0,-1,,0.2925170068027211,0.12727272727272726,0.3690858781337738,0.30435556173324585,0.0,0.0,0.33725854754447937,0,
dev-p04-zigzag-s0,4,zigzag,0,26,0.2713146209716797,0.25903614457831325,0.12962962962962962,0.36630678176879883,0.2825202941894531,0.042817045003175735,0.0,0.3448445796966553,3,3.19756817817688
dev-p04-zigzag-s1,4,zigzag,1,-1,,0.2077922077922078,0.2289156626506024,0.3254162669181824,0.2474614828824997,0.0,0.0,0.3472115099430084,0,
dev-p04-zigzag-s1,4,zigzag,1,26,0.3033428192138672,0.20454545454545456,0.20987654320987653,0.3274032175540924,0.26302164793014526,0.0801692008972168,0.0,0.34739142656326294,3,3.203274965286255
