coh_true,coh_first,coh_best_const,best_const_pc,frac_F,voiced_cov,hist,slot_acc,file,method,melody,prompt
0.0,0.0,0.35467980295566504,9,0.0,0.6744186046511628,"[0.003, 0.0, 0.105, 0.095, 0.149, 0.0, 0.0, 0.003, 0.01, 0.392, 0.115, 0.128]","[0.0, 0.0, 0.0, 0.0, 0.0, 0.0, 0.0]",prompt1_alternating_baseline.wav,baseline,alternating,1
0.43478260869565216,0.9951690821256038,0.9951690821256038,5,0.996875,0.6877076411960132,"[0.0, 0.0, 0.0, 0.0, 0.0, 0.997, 0.003, 0.0, 0.0, 0.0, 0.0, 0.0]","[1.0, 0.0, 0.0, 1.0, 0.0, 0.0, 1.0]",prompt1_alternating_combined.wav,combined,alternating,1
0.02127659574468085,0.0,0.31382978723404253,9,0.0,0.6245847176079734,"[0.083, 0.0, 0.04, 0.167, 0.178, 0.0, 0.0, 0.0, 0.004, 0.42, 0.109, 0.0]","[0.0, 0.0, 0.0, 0.0, 0.11764705882352941, 0.0, 0.0]",prompt1_alternating_itc.wav,itc,alternating,1
0.329004329004329,0.961038961038961,0.961038961038961,5,0.9739130434782609,0.7674418604651163,"[0.0, 0.0, 0.0, 0.02, 0.006, 0.974, 0.0, 0.0, 0.0, 0.0, 0.0, 0.0]","[1.0, 0.0, 0.0, 0.0, 0.0, 0.0, 1.0]",prompt1_alternating_probe_high.wav,probe_high,alternating,1
0.41818181818181815,0.95,0.95,5,0.9670658682634731,0.7308970099667774,"[0.0, 0.0, 0.0, 0.024, 0.009, 0.967, 0.0, 0.0, 0.0, 0.0, 0.0, 0.0]","[1.0, 0.0, 0.0, 0.7619047619047619, 0.0, 0.0, 1.0]",prompt1_alternating_probe_low.wav,probe_low,alternating,1
0.36885245901639346,0.9344262295081968,0.9344262295081968,5,0.9553072625698324,0.8106312292358804,"[0.0, 0.0, 0.003, 0.036, 0.006, 0.955, 0.0, 0.0, 0.0, 0.0, 0.0, 0.0]","[1.0, 0.0, 0.0, 0.5555555555555556, 0.0, 0.0, 1.0]",prompt1_alternating_probe_mid.wav,probe_mid,alternating,1
0.32489451476793246,0.9409282700421941,0.9409282700421941,5,0.9601139601139601,0.7873754152823921,"[0.0, 0.0, 0.0, 0.037, 0.003, 0.96, 0.0, 0.0, 0.0, 0.0, 0.0, 0.0]","[1.0, 0.0, 0.0, 0.0, 0.0, 0.0, 1.0]",prompt1_alternating_probe_strong.wav,probe_strong,alternating,1
0.0,0.0,0.39908256880733944,9,0.0,0.6337209302325582,"[0.003, 0.0, 0.105, 0.095, 0.149, 0.0, 0.0, 0.003, 0.01, 0.392, 0.115, 0.128]","[0.0, 0.0, 0.0, 0.0, 0.0, 0.0, 0.0, 0.0]",prompt1_ascending_baseline.wav,baseline,ascending,1
0.2702702702702703,0.9763513513513513,0.9763513513513513,5,0.9807162534435262,0.8604651162790697,"[0.019, 0.0, 0.0, 0.0, 0.0, 0.981, 0.0, 0.0, 0.0, 0.0, 0.0, 0.0]","[1.0, 0.0, 0.0, 0.0, 0.0, 0.0, 0.0, 1.0]",prompt1_ascending_combined.wav,combined,ascending,1
0.024752475247524754,0.0,0.3564356435643564,9,0.0,0.5872093023255814,"[0.087, 0.0, 0.04, 0.167, 0.178, 0.0, 0.0, 0.0, 0.004, 0.415, 0.109, 0.0]","[0.0, 0.0, 0.0, 0.0, 0.14285714285714285, 0.0, 0.0, 0.0]",prompt1_ascending_itc.wav,itc,ascending,1
0.25752508361204013,0.939799331103679,0.939799331103679,5,0.9513513513513514,0.8691860465116279,"[0.0, 0.0, 0.0, 0.043, 0.005, 0.951, 0.0, 0.0, 0.0, 0.0, 0.0, 0.0]","[1.0, 0.0, 0.0, 0.0, 0.0, 0.0, 0.0, 1.0]",prompt1_ascending_probe_high.wav,probe_high,ascending,1
0.33482142857142855,1.0,1.0,5,1.0,0.6511627906976745,"[0.0, 0.0, 0.0, 0.0, 0.0, 1.0, 0.0, 0.0, 0.0, 0.0, 0.0, 0.0]","[1.0, 0.0, 0.0, 0.0, nan, 0.0, 0.0, 1.0]",prompt1_ascending_probe_low.wav,probe_low,ascending,1
0.2676056338028169,0.9612676056338029,0.9612676056338029,5,0.9662921348314607,0.8255813953488372,"[0.0, 0.0, 0.0, 0.025, 0.006, 0.966, 0.003, 0.0, 0.0, 0.0, 0.0, 0.0]","[1.0, 0.0, 0.0, 0.0, 0.0, 0.0, 0.0, 1.0]",prompt1_ascending_probe_mid.wav,probe_mid,ascending,1
0.26174496644295303,0.9463087248322147,0.9463087248322147,5,0.9566395663956639,0.8662790697674418,"[0.0, 0.0, 0.0, 0.038, 0.005, 0.957, 0.0, 0.0, 0.0, 0.0, 0.0, 0.0]","[1.0, 0.0, 0.0, 0.0, 0.0, 0.0, 0.0, 1.0]",prompt1_ascending_probe_strong.wav,probe_strong,ascending,1
0.06880733944954129,0.0,0.39908256880733944,9,0.0,0.6337209302325582,"[0.003, 0.0, 0.105, 0.095, 0.149, 0.0, 0.0, 0.003, 0.01, 0.392, 0.115, 0.128]","[0.0, 0.5, 0.0, 0.0, 0.0, 0.0, 0.0, 0.0]",prompt1_descending_baseline.wav,baseline,descending,1
0.2739273927392739,0.9471947194719472,0.9471947194719472,5,0.9572192513368984,0.8808139534883721,"[0.0, 0.0, 0.0, 0.016, 0.008, 0.957, 0.019, 0.0, 0.0, 0.0, 0.0, 0.0]","[1.0, 0.0, 0.0, 0.0, 0.0, 0.0, 0.0, 1.0]",prompt1_descending_combined.wav,combined,descending,1
0.1323529411764706,0.0,0.36764705882352944,9,0.0,0.5930232558139535,"[0.036, 0.0, 0.022, 0.149, 0.178, 0.0, 0.0, 0.004, 0.025, 0.391, 0.13, 0.065]","[0.0, 0.8181818181818182, nan, 0.0, 0.0, 0.0, 0.0, 0.0]",prompt1_descending_itc.wav,itc,descending,1
0.25925925925925924,0.9461279461279462,0.9461279461279462,5,0.9565217391304348,0.8633720930232558,"[0.0, 0.0, 0.0, 0.038, 0.005, 0.957, 0.0, 0.0, 0.0, 0.0, 0.0, 0.0]","[1.0, 0.0, 0.0, 0.0, 0.0, 0.0, 0.0, 1.0]",prompt1_descending_probe_high.wav,probe_high,descending,1
0.31797235023041476,1.0,1.0,5,1.0,0.6308139534883721,"[0.0, 0.0, 0.0, 0.0, 0.0, 1.0, 0.0, 0.0, 0.0, 0.0, 0.0, 0.0]","[1.0, 0.0, 0.0, 0.0, nan, 0.0, 0.0, 1.0]",prompt1_descending_probe_low.wav,probe_low,descending,1
0.2714285714285714,0.9607142857142857,0.9607142857142857,5,0.9686609686609686,0.813953488372093,"[0.0, 0.0, 0.0, 0.026, 0.006, 0.969, 0.0, 0.0, 0.0, 0.0, 0.0, 0.0]","[1.0, 0.0, 0.0, 0.0, 0.0, 0.0, 0.0, 1.0]",prompt1_descending_probe_mid.wav,probe_mid,descending,1
0.26174496644295303,0.9463087248322147,0.9463087248322147,5,0.9565217391304348,0.8662790697674418,"[0.0, 0.0, 0.0, 0.038, 0.005, 0.957, 0.0, 0.0, 0.0, 0.0, 0.0, 0.0]","[1.0, 0.0, 0.0, 0.0, 0.0, 0.0, 0.0, 1.0]",prompt1_descending_probe_strong.wav,probe_strong,descending,1
0.3402777777777778,0.006944444444444444,0.875,0,0.005988023952095809,0.47840531561461797,"[0.754, 0.018, 0.0, 0.132, 0.012, 0.006, 0.0, 0.072, 0.006, 0.0, 0.0, 0.0]","[nan, nan, 1.0, 0.0, 0.9487179487179487, 0.0, 0.037037037037037035]",prompt2_alternating_baseline.wav,baseline,alternating,2
0.5060240963855421,0.7108433734939759,0.7108433734939759,5,0.813953488372093,0.5514950166112956,"[0.132, 0.054, 0.0, 0.0, 0.0, 0.814, 0.0, 0.0, 0.0, 0.0, 0.0, 0.0]","[1.0, 0.0, 0.0, 1.0, 1.0, 0.0, 0.9333333333333333]",prompt2_alternating_combined.wav,combined,alternating,2
0.20930232558139536,0.0,0.5406976744186046,0,0.0,0.5714285714285714,"[0.503, 0.053, 0.085, 0.307, 0.053, 0.0, 0.0, 0.0, 0.0, 0.0, 0.0, 0.0]","[0.0, 0.0, nan, 0.0, 1.0, 0.0, 0.0]",prompt2_alternating_itc.wav,itc,alternating,2
0.3284313725490196,0.6568627450980392,0.6568627450980392,5,0.7581699346405228,0.6777408637873754,"[0.108, 0.118, 0.0, 0.0, 0.003, 0.758, 0.0, 0.013, 0.0, 0.0, 0.0, 0.0]","[1.0, 0.0, 0.0, 0.125, 0.6333333333333333, 0.0, 0.7333333333333333]",prompt2_alternating_probe_high.wav,probe_high,alternating,2
0.25252525252525254,0.3181818181818182,0.3181818181818182,5,0.5104895104895105,0.6578073089700996,"[0.189, 0.164, 0.0, 0.01, 0.003, 0.51, 0.007, 0.007, 0.0, 0.003, 0.105, 0.0]","[0.5142857142857142, 0.0, 0.0, 0.0, 0.7027027027027027, 0.0, 0.17647058823529413]",prompt2_alternating_probe_low.wav,probe_low,alternating,2
0.387434554973822,0.5916230366492147,0.5916230366492147,5,0.7282229965156795,0.6345514950166113,"[0.157, 0.115, 0.0, 0.0, 0.0, 0.728, 0.0, 0.0, 0.0, 0.0, 0.0, 0.0]","[1.0, 0.0, 0.0, 0.0625, 0.7222222222222222, 0.0, 0.7333333333333333]",prompt2_alternating_probe_mid.wav,probe_mid,alternating,2
0.3069306930693069,0.6534653465346535,0.6534653465346535,5,0.7658862876254181,0.6710963455149501,"[0.104, 0.13, 0.0, 0.0, 0.0, 0.766, 0.0, 0.0, 0.0, 0.0, 0.0, 0.0]","[1.0, 0.0, 0.0, 0.125, 0.5333333333333333, 0.0, 0.7142857142857143]",prompt2_alternating_probe_strong.wav,probe_strong,alternating,2
0.2275449101796407,0.005988023952095809,0.7544910179640718,0,0.005988023952095809,0.48546511627906974,"[0.754, 0.018, 0.0, 0.132, 0.012, 0.006, 0.0, 0.072, 0.006, 0.0, 0.0, 0.0]","[nan, nan, 0.0, 0.0, 0.9487179487179487, 0.0, 0.037037037037037035, 0.0]",prompt2_ascending_baseline.wav,baseline,ascending,2
0.43243243243243246,0.6283783783783784,0.6283783783783784,5,0.729064039408867,0.43023255813953487,"[0.212, 0.059, 0.0, 0.0, 0.0, 0.729, 0.0, 0.0, 0.0, 0.0, 0.0, 0.0]","[nan, nan, 0.0, 0.0, 0.9565217391304348, 0.391304347826087, 0.0, 1.0]",prompt2_ascending_combined.wav,combined,ascending,2
0.21511627906976744,0.0,0.5406976744186046,0,0.0,0.5,"[0.505, 0.053, 0.084, 0.305, 0.053, 0.0, 0.0, 0.0, 0.0, 0.0, 0.0, 0.0]","[0.0, 0.0, nan, 0.0, 1.0, 0.0, 0.03125, nan]",prompt2_ascending_itc.wav,itc,ascending,2
0.3688888888888889,0.5511111111111111,0.5511111111111111,5,0.6517241379310345,0.6540697674418605,"[0.086, 0.138, 0.0, 0.0, 0.0, 0.652, 0.0, 0.0, 0.0, 0.0, 0.124, 0.0]","[0.5151515151515151, 0.0, 0.0, 0.0, 0.45161290322580644, 0.8636363636363636, 0.0, 1.0]",prompt2_ascending_probe_high.wav,probe_high,ascending,2
0.33516483516483514,0.46703296703296704,0.46703296703296704,5,0.5707964601769911,0.5290697674418605,"[0.261, 0.088, 0.0, 0.0, 0.0, 0.571, 0.0, 0.0, 0.0, 0.004, 0.071, 0.004]","[1.0, 0.0, 0.0, 0.0, 0.6216216216216216, 0.07142857142857142, 0.0, 1.0]",prompt2_ascending_probe_low.wav,probe_low,ascending,2
0.4,0.4666666666666667,0.4666666666666667,5,0.5625,0.6104651162790697,"[0.129, 0.148, 0.0, 0.0, 0.0, 0.562, 0.004, 0.012, 0.0, 0.0, 0.145, 0.0]","[0.43333333333333335, 0.0, 0.0, 0.0, 0.5277777777777778, 0.7727272727272727, 0.0, 0.8974358974358975]",prompt2_ascending_probe_mid.wav,probe_mid,ascending,2
0.3893805309734513,0.5796460176991151,0.5796460176991151,5,0.6735395189003437,0.6569767441860465,"[0.089, 0.134, 0.0, 0.0, 0.0, 0.674, 0.0, 0.0, 0.0, 0.0, 0.103, 0.0]","[0.6296296296296297, 0.0, 0.0, 0.0, 0.45161290322580644, 0.8181818181818182, 0.0, 1.0]",prompt2_ascending_probe_strong.wav,probe_strong,ascending,2
0.25149700598802394,0.005988023952095809,0.7544910179640718,0,0.005988023952095809,0.48546511627906974,"[0.754, 0.018, 0.0, 0.132, 0.012, 0.006, 0.0, 0.072, 0.006, 0.0, 0.0, 0.0]","[nan, nan, 0.0, 1.0, 0.0, 0.0, 0.4074074074074074, 0.0]",prompt2_descending_baseline.wav,baseline,descending,2
0.3026315789473684,0.6776315789473685,0.6776315789473685,5,0.7688679245283019,0.4418604651162791,"[0.085, 0.146, 0.0, 0.0, 0.0, 0.769, 0.0, 0.0, 0.0, 0.0, 0.0, 0.0]","[1.0, nan, 0.0, 0.0, 0.0, 0.0, 0.0, 1.0]",prompt2_descending_combined.wav,combined,descending,2
0.2727272727272727,0.0,0.6742424242424242,0,0.0,0.38372093023255816,"[0.674, 0.023, 0.0, 0.303, 0.0, 0.0, 0.0, 0.0, 0.0, 0.0, 0.0, 0.0]","[0.0, 1.0, nan, 1.0, 0.0, 0.0, 0.0, nan]",prompt2_descending_itc.wav,itc,descending,2
0.22631578947368422,0.5684210526315789,0.5684210526315789,5,0.6809338521400778,0.5523255813953488,"[0.062, 0.14, 0.0, 0.0, 0.0, 0.681, 0.0, 0.0, 0.0, 0.0, 0.117, 0.0]","[0.5, 0.0, 0.0, nan, 0.0, 0.0, 0.0, 1.0]",prompt2_descending_probe_high.wav,probe_high,descending,2
0.22966507177033493,0.47368421052631576,0.47368421052631576,5,0.5703125,0.6075581395348837,"[0.223, 0.098, 0.0, 0.02, 0.0, 0.57, 0.0, 0.0, 0.0, 0.004, 0.062, 0.023]","[1.0, 0.0, 0.0, 0.8333333333333334, 0.0, 0.0, 0.0, 0.8928571428571429]",prompt2_descending_probe_low.wav,probe_low,descending,2
0.26903553299492383,0.4873096446700508,0.4873096446700508,5,0.6023622047244095,0.5726744186046512,"[0.11, 0.146, 0.0, 0.0, 0.0, 0.602, 0.0, 0.016, 0.0, 0.0, 0.126, 0.0]","[0.45454545454545453, 0.0, 0.0, 1.0, 0.0, 0.0, 0.0, 0.8974358974358975]",prompt2_descending_probe_mid.wav,probe_mid,descending,2
0.23036649214659685,0.518324607329843,0.518324607329843,5,0.6461538461538462,0.5552325581395349,"[0.096, 0.131, 0.0, 0.0, 0.0, 0.646, 0.0, 0.012, 0.0, 0.0, 0.115, 0.0]","[0.0, 0.0, 0.0, 1.0, 0.0, 0.0, 0.0, 0.9230769230769231]",prompt2_descending_probe_strong.wav,probe_strong,descending,2
0.19844357976653695,0.0,0.6536964980544747,3,0.0,0.8538205980066446,"[0.094, 0.115, 0.003, 0.44, 0.003, 0.0, 0.0, 0.0, 0.183, 0.003, 0.157, 0.003]","[0.0, 0.0, 0.39285714285714285, 0.0, 0.0, 1.0, 0.0]",prompt3_alternating_baseline.wav,baseline,alternating,3
0.25206611570247933,0.5495867768595041,0.5495867768595041,5,0.5652173913043478,0.8039867109634552,"[0.003, 0.0, 0.003, 0.254, 0.087, 0.565, 0.0, 0.01, 0.077, 0.0, 0.0, 0.0]","[0.8235294117647058, 0.0, 0.0, 0.19230769230769232, 0.0, 0.0, 0.8]",prompt3_alternating_combined.wav,combined,alternating,3
0.15079365079365079,0.0,0.7738095238095238,3,0.0,0.8372093023255814,"[0.202, 0.047, 0.0, 0.512, 0.0, 0.0, 0.0, 0.0, 0.079, 0.0, 0.147, 0.013]","[0.0, 0.0, 0.48148148148148145, 0.0, 0.0, 0.6944444444444444, 0.0]",prompt3_alternating_itc.wav,itc,alternating,3
0.26,0.692,0.692,5,0.7806267806267806,0.8305647840531561,"[0.0, 0.0, 0.0, 0.188, 0.031, 0.781, 0.0, 0.0, 0.0, 0.0, 0.0, 0.0]","[1.0, 0.0, 0.0, 0.21428571428571427, 0.0, 0.0, 1.0]",prompt3_alternating_probe_high.wav,probe_high,alternating,3
0.21610169491525424,0.22033898305084745,0.4872881355932203,3,0.14647887323943662,0.7840531561461794,"[0.031, 0.304, 0.0, 0.324, 0.0, 0.146, 0.0, 0.0, 0.194, 0.0, 0.0, 0.0]","[0.0, 0.8333333333333334, 0.0, 0.15625, 0.0, 0.7428571428571429, 0.0]",prompt3_alternating_probe_low.wav,probe_low,alternating,3
0.17543859649122806,0.5570175438596491,0.5570175438596491,5,0.61003861003861,0.7574750830564784,"[0.0, 0.0, 0.0, 0.317, 0.073, 0.61, 0.0, 0.0, 0.0, 0.0, 0.0, 0.0]","[0.6756756756756757, 0.0, 0.0, 0.2727272727272727, 0.0, 0.0, 0.5]",prompt3_alternating_probe_mid.wav,probe_mid,alternating,3
0.29924242424242425,0.7083333333333334,0.7083333333333334,5,0.7957559681697612,0.8770764119601329,"[0.0, 0.0, 0.0, 0.164, 0.04, 0.796, 0.0, 0.0, 0.0, 0.0, 0.0, 0.0]","[1.0, 0.0, 0.0, 0.21428571428571427, 0.0, 0.0, 1.0]",prompt3_alternating_probe_strong.wav,probe_strong,alternating,3
0.15436241610738255,0.0,0.5637583892617449,3,0.0,0.8662790697674418,"[0.094, 0.115, 0.003, 0.44, 0.003, 0.0, 0.0, 0.0, 0.183, 0.003, 0.157, 0.003]","[0.0, 0.0, 0.42857142857142855, 0.0, 0.0, 0.0, 0.8947368421052632, 0.0]",prompt3_ascending_baseline.wav,baseline,ascending,3
0.15925925925925927,0.26296296296296295,0.43703703703703706,3,0.2608695652173913,0.7848837209302325,"[0.019, 0.152, 0.0, 0.366, 0.037, 0.261, 0.0, 0.0, 0.165, 0.0, 0.0, 0.0]","[0.3448275862068966, 0.0, 0.0, 0.0, 0.0, 0.0, 0.8918918918918919, 0.0]",prompt3_ascending_combined.wav,combined,ascending,3
0.10884353741496598,0.0,0.6632653061224489,3,0.0,0.8546511627906976,"[0.202, 0.047, 0.0, 0.512, 0.0, 0.0, 0.0, 0.0, 0.079, 0.0, 0.147, 0.013]","[0.0, 0.0, 0.0, 0.0, 0.0, 0.0, 0.8648648648648649, 0.0]",prompt3_ascending_itc.wav,itc,ascending,3
0.2282958199356913,0.7138263665594855,0.7138263665594855,5,0.7729591836734694,0.9040697674418605,"[0.0, 0.0, 0.0, 0.12, 0.107, 0.773, 0.0, 0.0, 0.0, 0.0, 0.0, 0.0]","[0.7777777777777778, 0.0, 0.0, 0.0, 0.0, 0.0, 0.0, 1.0]",prompt3_ascending_probe_high.wav,probe_high,ascending,3
0.1288135593220339,0.17966101694915254,0.4745762711864407,3,0.1402116402116402,0.8575581395348837,"[0.019, 0.296, 0.003, 0.37, 0.082, 0.14, 0.005, 0.0, 0.082, 0.0, 0.003, 0.0]","[0.02702702702702703, 0.0, 0.0, 0.0, 0.0, 0.0, 0.925, 0.0]",prompt3_ascending_probe_low.wav,probe_low,ascending,3
0.25263157894736843,0.3649122807017544,0.4,3,0.2913165266106443,0.8284883720930233,"[0.0, 0.202, 0.0, 0.319, 0.053, 0.291, 0.0, 0.0, 0.134, 0.0, 0.0, 0.0]","[0.3235294117647059, 0.0, 0.0, 0.0, 0.0, 0.0, 0.8918918918918919, 0.7777777777777778]",prompt3_ascending_probe_mid.wav,probe_mid,ascending,3
0.2576271186440678,0.7288135593220338,0.7288135593220338,5,0.7877984084880637,0.8575581395348837,"[0.0, 0.0, 0.0, 0.119, 0.085, 0.788, 0.003, 0.003, 0.003, 0.0, 0.0, 0.0]","[1.0, 0.0, 0.0, 0.0, 0.0, 0.0, 0.0, 1.0]",prompt3_ascending_probe_strong.wav,probe_strong,ascending,3
0.2550335570469799,0.0,0.5637583892617449,3,0.0,0.8662790697674418,"[0.094, 0.115, 0.003, 0.44, 0.003, 0.0, 0.0, 0.0, 0.183, 0.003, 0.157, 0.003]","[0.0, 1.0, 0.0, 0.0, 0.0, 1.0, 0.0, 0.0]",prompt3_descending_baseline.wav,baseline,descending,3
0.09818181818181818,0.22545454545454546,0.32727272727272727,3,0.17174515235457063,0.7994186046511628,"[0.0, 0.31, 0.022, 0.249, 0.094, 0.172, 0.0, 0.0, 0.152, 0.0, 0.0, 0.0]","[0.20833333333333334, 0.0, 0.0, 0.0, 0.0, 0.6285714285714286, 0.0, 0.0]",prompt3_descending_combined.wav,combined,descending,3
0.26013513513513514,0.0,0.668918918918919,3,0.0,0.8604651162790697,"[0.167, 0.111, 0.0, 0.525, 0.0, 0.0, 0.0, 0.0, 0.074, 0.0, 0.117, 0.005]","[0.0, 1.0, 0.6666666666666666, 0.0, 0.0, 0.6388888888888888, 0.0, 0.0]",prompt3_descending_itc.wav,itc,descending,3
0.2422145328719723,0.615916955017301,0.615916955017301,5,0.6696428571428571,0.8401162790697675,"[0.0, 0.0, 0.0, 0.202, 0.128, 0.67, 0.0, 0.0, 0.0, 0.0, 0.0, 0.0]","[0.8378378378378378, 0.0, 0.0, 0.0, 0.0, 0.0, 0.0, 1.0]",prompt3_descending_probe_high.wav,probe_high,descending,3
0.09688581314878893,0.17301038062283736,0.4844290657439446,3,0.13333333333333333,0.8401162790697675,"[0.067, 0.259, 0.005, 0.373, 0.083, 0.133, 0.003, 0.0, 0.077, 0.0, 0.0, 0.0]","[0.058823529411764705, 0.0, 0.0, 0.0, 0.0, 0.7428571428571429, 0.0, 0.0]",prompt3_descending_probe_low.wav,probe_low,descending,3
0.13414634146341464,0.3008130081300813,0.3902439024390244,3,0.22289156626506024,0.7151162790697675,"[0.0, 0.253, 0.006, 0.289, 0.075, 0.223, 0.0, 0.0, 0.154, 0.0, 0.0, 0.0]","[0.35294117647058826, 0.0, 0.0, 0.0, 0.0, 0.6176470588235294, 0.0, nan]",prompt3_descending_probe_mid.wav,probe_mid,descending,3
0.25418060200668896,0.745819397993311,0.745819397993311,5,0.7973333333333333,0.8691860465116279,"[0.0, 0.0, 0.0, 0.112, 0.091, 0.797, 0.0, 0.0, 0.0, 0.0, 0.0, 0.0]","[1.0, 0.0, 0.0, 0.0, 0.0, 0.0, 0.0, 1.0]",prompt3_descending_probe_strong.wav,probe_strong,descending,3
0.09829059829059829,0.405982905982906,0.405982905982906,5,0.4964788732394366,0.7774086378737541,"[0.141, 0.007, 0.011, 0.004, 0.0, 0.496, 0.025, 0.162, 0.004, 0.127, 0.004, 0.021]","[0.6388888888888888, 0.0, 0.0, 0.0, 0.0, 0.0, 0.0]",prompt4_alternating_baseline.wav,baseline,alternating,4
0.4721030042918455,0.7896995708154506,0.7896995708154506,5,0.849112426035503,0.7740863787375415,"[0.068, 0.0, 0.0, 0.0, 0.009, 0.849, 0.009, 0.065, 0.0, 0.0, 0.0, 0.0]","[1.0, 0.0, 0.0, 0.925, 0.6052631578947368, 0.0, 1.0]",prompt4_alternating_combined.wav,combined,alternating,4
0.24083769633507854,0.47643979057591623,0.47643979057591623,5,0.6133828996282528,0.6345514950166113,"[0.16, 0.004, 0.071, 0.0, 0.004, 0.613, 0.041, 0.097, 0.011, 0.0, 0.0, 0.0]","[0.7307692307692307, 0.0, 0.0, 0.0, 0.78125, 0.0, 0.07692307692307693]",prompt4_alternating_itc.wav,itc,alternating,4
0.4024390243902439,0.7398373983739838,0.7398373983739838,5,0.8104956268221575,0.8172757475083057,"[0.12, 0.003, 0.0, 0.0, 0.0, 0.81, 0.003, 0.064, 0.0, 0.0, 0.0, 0.0]","[1.0, 0.0, 0.0, 1.0, 0.5142857142857142, 0.0, 0.37142857142857144]",prompt4_alternating_probe_high.wav,probe_high,alternating,4
0.3755274261603376,0.7341772151898734,0.7341772151898734,5,0.808695652173913,0.7873754152823921,"[0.093, 0.009, 0.0, 0.0, 0.009, 0.809, 0.014, 0.067, 0.0, 0.0, 0.0, 0.0]","[1.0, 0.0, 0.0, 0.9411764705882353, 0.47368421052631576, 0.0, 1.0]",prompt4_alternating_probe_low.wav,probe_low,alternating,4
0.4714828897338403,0.8365019011406845,0.8365019011406845,5,0.8815426997245179,0.8737541528239202,"[0.047, 0.006, 0.0, 0.0, 0.0, 0.882, 0.003, 0.063, 0.0, 0.0, 0.0, 0.0]","[1.0, 0.0, 0.0, 0.9736842105263158, 0.4857142857142857, 0.0, 1.0]",prompt4_alternating_probe_mid.wav,probe_mid,alternating,4
0.42857142857142855,0.7880184331797235,0.7880184331797235,5,0.8366013071895425,0.7209302325581395,"[0.157, 0.003, 0.0, 0.0, 0.003, 0.837, 0.0, 0.0, 0.0, 0.0, 0.0, 0.0]","[1.0, 0.0, 0.0, 0.975609756097561, 0.6206896551724138, 0.0, 0.3157894736842105]",prompt4_alternating_probe_strong.wav,probe_strong,alternating,4
0.19172932330827067,0.462406015037594,0.462406015037594,5,0.4964788732394366,0.7732558139534884,"[0.141, 0.007, 0.011, 0.004, 0.0, 0.496, 0.025, 0.162, 0.004, 0.127, 0.004, 0.021]","[0.6388888888888888, 0.0, 0.0, 0.0, 0.0, 0.0, 0.0, 0.875]",prompt4_ascending_baseline.wav,baseline,ascending,4
0.3042071197411003,0.7702265372168284,0.7702265372168284,5,0.8074866310160428,0.8982558139534884,"[0.078, 0.011, 0.0, 0.0, 0.016, 0.807, 0.029, 0.059, 0.0, 0.0, 0.0, 0.0]","[1.0, 0.0, 0.0, 0.0, 0.5428571428571428, 0.09090909090909091, 0.0, 0.9]",prompt4_ascending_combined.wav,combined,ascending,4
0.34893617021276596,0.5617021276595745,0.5617021276595745,5,0.6153846153846154,0.6831395348837209,"[0.154, 0.011, 0.07, 0.0, 0.004, 0.615, 0.04, 0.095, 0.011, 0.0, 0.0, 0.0]","[0.7307692307692307, 0.029411764705882353, 0.0, 0.0, 0.7272727272727273, 0.0, 0.0, 0.95]",prompt4_ascending_itc.wav,itc,ascending,4
0.2819672131147541,0.8688524590163934,0.8688524590163934,5,0.8891891891891892,0.8866279069767442,"[0.032, 0.0, 0.003, 0.008, 0.005, 0.889, 0.003, 0.059, 0.0, 0.0, 0.0, 0.0]","[1.0, 0.0, 0.0, 0.0, 0.3870967741935484, 0.0, 0.07142857142857142, 1.0]",prompt4_ascending_probe_high.wav,probe_high,ascending,4
0.29605263157894735,0.7105263157894737,0.7105263157894737,5,0.7640750670241286,0.8837209302325582,"[0.091, 0.003, 0.003, 0.003, 0.0, 0.764, 0.016, 0.064, 0.0, 0.0, 0.056, 0.0]","[1.0, 0.0, 0.0, 0.0, 0.4722222222222222, 0.0, 0.030303030303030304, 0.9]",prompt4_ascending_probe_low.wav,probe_low,ascending,4
0.31679389312977096,0.8053435114503816,0.8053435114503816,5,0.8373493975903614,0.7616279069767442,"[0.039, 0.003, 0.0, 0.0, 0.003, 0.837, 0.048, 0.069, 0.0, 0.0, 0.0, 0.0]","[1.0, 0.0, 0.0, 0.0, 0.38235294117647056, 0.0, 0.0, 0.8717948717948718]",prompt4_ascending_probe_mid.wav,probe_mid,ascending,4
0.22929936305732485,0.9076433121019108,0.9076433121019108,5,0.9228723404255319,0.9127906976744186,"[0.0, 0.0, 0.0, 0.003, 0.008, 0.923, 0.005, 0.061, 0.0, 0.0, 0.0, 0.0]","[1.0, 0.0, 0.0, 0.0, 0.0, 0.0, 0.02564102564102564, 1.0]",prompt4_ascending_probe_strong.wav,probe_strong,ascending,4
0.2669172932330827,0.462406015037594,0.462406015037594,5,0.4964788732394366,0.7732558139534884,"[0.141, 0.007, 0.011, 0.004, 0.0, 0.496, 0.025, 0.162, 0.004, 0.127, 0.004, 0.021]","[0.6388888888888888, 0.0, 0.0, 0.0, 0.0, 0.0, 0.5263157894736842, 0.875]",prompt4_descending_baseline.wav,baseline,descending,4
0.2845849802371542,0.8537549407114624,0.8537549407114624,5,0.8823529411764706,0.7354651162790697,"[0.087, 0.012, 0.0, 0.003, 0.0, 0.882, 0.015, 0.0, 0.0, 0.0, 0.0, 0.0]","[1.0, 0.0, 0.0, 0.0, 0.0, 0.0, 0.0, 0.9]",prompt4_descending_combined.wav,combined,descending,4
0.27111111111111114,0.6355555555555555,0.6355555555555555,5,0.688212927756654,0.6540697674418605,"[0.186, 0.015, 0.08, 0.0, 0.0, 0.688, 0.019, 0.011, 0.0, 0.0, 0.0, 0.0]","[0.9565217391304348, 0.0, 0.0, 0.0, 0.0, 0.0, 0.0, 0.975]",prompt4_descending_itc.wav,itc,descending,4
0.23509933774834438,0.8543046357615894,0.8543046357615894,5,0.8783783783783784,0.877906976744186,"[0.043, 0.005, 0.0, 0.0, 0.003, 0.878, 0.008, 0.062, 0.0, 0.0, 0.0, 0.0]","[1.0, 0.0, 0.0, 0.0, 0.0, 0.0, 0.0, 1.0]",prompt4_descending_probe_high.wav,probe_high,descending,4
0.2440677966101695,0.7016949152542373,0.7016949152542373,5,0.7582417582417582,0.8575581395348837,"[0.093, 0.003, 0.003, 0.003, 0.0, 0.758, 0.016, 0.066, 0.0, 0.0, 0.058, 0.0]","[1.0, 0.0, 0.0, 0.0, 0.0, 0.0, 0.0, 0.9]",prompt4_descending_probe_low.wav,probe_low,descending,4
0.2536231884057971,0.7644927536231884,0.7644927536231884,5,0.8063583815028902,0.8023255813953488,"[0.049, 0.003, 0.0, 0.0, 0.0, 0.806, 0.032, 0.066, 0.0, 0.0, 0.043, 0.0]","[1.0, 0.0, 0.0, 0.0, 0.0, 0.0, 0.0, 1.0]",prompt4_descending_probe_mid.wav,probe_mid,descending,4
0.2706766917293233,0.9774436090225563,0.9774436090225563,5,0.9791666666666666,0.7732558139534884,"[0.0, 0.0, 0.0, 0.003, 0.0, 0.979, 0.003, 0.015, 0.0, 0.0, 0.0, 0.0]","[1.0, 0.0, 0.0, 0.0, 0.0, 0.0, 0.0, 1.0]",prompt4_descending_probe_strong.wav,probe_strong,descending,4
0.0,0.06692913385826772,0.3464566929133858,3,0.1871508379888268,0.8438538205980066,"[0.0, 0.0, 0.0, 0.299, 0.282, 0.187, 0.148, 0.0, 0.003, 0.0, 0.0, 0.081]","[0.0, 0.0, 0.0, 0.0, 0.0, 0.0, 0.0]",prompt5_alternating_baseline.wav,baseline,alternating,5
0.30451127819548873,0.9097744360902256,0.9097744360902256,5,0.8678756476683938,0.8837209302325582,"[0.0, 0.0, 0.0, 0.0, 0.13, 0.868, 0.003, 0.0, 0.0, 0.0, 0.0, 0.0]","[0.9722222222222222, 0.0, 0.0, 0.42105263157894735, 0.0, 0.0, 1.0]",prompt5_alternating_combined.wav,combined,alternating,5
0.0,0.09230769230769231,0.35384615384615387,3,0.06428571428571428,0.6478405315614618,"[0.0, 0.0, 0.086, 0.311, 0.157, 0.064, 0.186, 0.0, 0.004, 0.0, 0.0, 0.193]","[0.0, 0.0, 0.0, 0.0, 0.0, 0.0, 0.0]",prompt5_alternating_itc.wav,itc,alternating,5
0.3044982698961938,0.7058823529411765,0.7058823529411765,5,0.5061425061425061,0.9601328903654485,"[0.0, 0.285, 0.0, 0.0, 0.0, 0.506, 0.125, 0.084, 0.0, 0.0, 0.0, 0.0]","[0.9714285714285714, 0.0, 0.0, 0.2558139534883721, 0.0, 0.0, 1.0]",prompt5_alternating_probe_high.wav,probe_high,alternating,5
0.1276595744680851,0.18439716312056736,0.4397163120567376,1,0.1262135922330097,0.9368770764119602,"[0.0, 0.617, 0.0, 0.0, 0.0, 0.126, 0.143, 0.073, 0.041, 0.0, 0.0, 0.0]","[0.9722222222222222, 0.0, 0.0, 0.027777777777777776, 0.0, 0.0, 0.0]",prompt5_alternating_probe_low.wav,probe_low,alternating,5
0.2517241379310345,0.496551724137931,0.496551724137931,5,0.35784313725490197,0.9634551495016611,"[0.0, 0.284, 0.0, 0.0, 0.0, 0.358, 0.262, 0.049, 0.047, 0.0, 0.0, 0.0]","[0.96875, 0.0, 0.0, 0.09302325581395349, 0.0, 0.0, 0.8837209302325582]",prompt5_alternating_probe_mid.wav,probe_mid,alternating,5
0.314878892733564,0.754325259515571,0.754325259515571,5,0.5503685503685504,0.9601328903654485,"[0.0, 0.275, 0.0, 0.0, 0.0, 0.55, 0.096, 0.079, 0.0, 0.0, 0.0, 0.0]","[0.9714285714285714, 0.0, 0.0, 0.32558139534883723, 0.0, 0.0, 1.0]",prompt5_alternating_probe_strong.wav,probe_strong,alternating,5
0.12794612794612795,0.1111111111111111,0.31313131313131315,3,0.1871508379888268,0.8633720930232558,"[0.0, 0.0, 0.0, 0.299, 0.282, 0.187, 0.148, 0.0, 0.003, 0.0, 0.0, 0.081]","[0.0, 0.0, 0.0, 0.0, 0.0, 0.0, 0.7333333333333333, 0.37209302325581395]",prompt5_ascending_baseline.wav,baseline,ascending,5
0.2635135135135135,0.6587837837837838,0.6587837837837838,5,0.6151761517615176,0.8604651162790697,"[0.0, 0.206, 0.0, 0.019, 0.092, 0.615, 0.065, 0.003, 0.0, 0.0, 0.0, 0.0]","[0.8292682926829268, 0.0, 0.0, 0.0, 0.0, 0.22580645161290322, 0.0, 1.0]",prompt5_ascending_combined.wav,combined,ascending,5
0.035398230088495575,0.07964601769911504,0.3893805309734513,3,0.06405693950177936,0.6569767441860465,"[0.0, 0.0, 0.085, 0.313, 0.153, 0.064, 0.185, 0.0, 0.004, 0.0, 0.0, 0.196]","[0.0, 0.0, 0.0, 0.0, 0.0, 0.0, 0.42105263157894735, 0.0]",prompt5_ascending_itc.wav,itc,ascending,5
0.18120805369127516,0.3825503355704698,0.6174496644295302,1,0.2961038961038961,0.8662790697674418,"[0.0, 0.704, 0.0, 0.0, 0.0, 0.296, 0.0, 0.0, 0.0, 0.0, 0.0, 0.0]","[1.0, 0.0, 0.0, 0.0, 0.0, 0.3870967741935484, 0.0, 0.0]",prompt5_ascending_probe_high.wav,probe_high,ascending,5
0.24834437086092714,0.152317880794702,0.8211920529801324,1,0.11825192802056556,0.877906976744186,"[0.0, 0.861, 0.0, 0.0, 0.0, 0.118, 0.021, 0.0, 0.0, 0.0, 0.0, 0.0]","[0.8888888888888888, 0.0, 0.0, 0.0, 0.0, 1.0, 0.0, 0.0]",prompt5_ascending_probe_low.wav,probe_low,ascending,5
0.24148606811145512,0.1609907120743034,0.8359133126934984,1,0.12682926829268293,0.938953488372093,"[0.0, 0.871, 0.0, 0.0, 0.0, 0.127, 0.002, 0.0, 0.0, 0.0, 0.0, 0.0]","[0.9722222222222222, 0.0, 0.0, 0.0, 0.0, 1.0, 0.0, 0.0]",prompt5_ascending_probe_mid.wav,probe_mid,ascending,5
0.23548387096774193,0.7225806451612903,0.7225806451612903,5,0.638961038961039,0.9011627906976745,"[0.0, 0.351, 0.0, 0.0, 0.0, 0.639, 0.01, 0.0, 0.0, 0.0, 0.0, 0.0]","[1.0, 0.0, 0.0, 0.0, 0.0, 0.0, 0.0, 0.9090909090909091]",prompt5_ascending_probe_strong.wav,probe_strong,ascending,5
0.05387205387205387,0.1111111111111111,0.31313131313131315,3,0.1871508379888268,0.8633720930232558,"[0.0, 0.0, 0.0, 0.299, 0.282, 0.187, 0.148, 0.0, 0.003, 0.0, 0.0, 0.081]","[0.0, 0.0, 0.0, 0.0, 0.0, 0.0, 0.0, 0.37209302325581395]",prompt5_descending_baseline.wav,baseline,descending,5
0.10461538461538461,0.3261538461538461,0.3384615384615385,1,0.25728155339805825,0.9447674418604651,"[0.0, 0.478, 0.0, 0.0, 0.0, 0.257, 0.15, 0.049, 0.066, 0.0, 0.0, 0.0]","[0.9444444444444444, 0.0, 0.0, 0.0, 0.0, 0.0, 0.0, 0.0]",prompt5_descending_combined.wav,combined,descending,5
0.059006211180124224,0.13043478260869565,0.39751552795031053,4,0.2025974025974026,0.936046511627907,"[0.0, 0.0, 0.0, 0.21, 0.364, 0.203, 0.171, 0.003, 0.049, 0.0, 0.0, 0.0]","[0.0, 0.0, 0.0, 0.0, 0.0, 0.0, 0.0, 0.4418604651162791]",prompt5_descending_itc.wav,itc,descending,5
0.24148606811145512,0.16408668730650156,0.8328173374613003,1,0.12926829268292683,0.938953488372093,"[0.0, 0.868, 0.0, 0.0, 0.0, 0.129, 0.002, 0.0, 0.0, 0.0, 0.0, 0.0]","[0.9722222222222222, 0.0, 1.0, 0.0, 0.0, 0.0, 0.0, 0.0]",prompt5_descending_probe_high.wav,probe_high,descending,5
0.10153846153846154,0.3323076923076923,0.4,1,0.2621359223300971,0.9447674418604651,"[0.0, 0.527, 0.0, 0.0, 0.029, 0.262, 0.092, 0.046, 0.044, 0.0, 0.0, 0.0]","[0.9166666666666666, 0.0, 0.0, 0.0, 0.0, 0.0, 0.0, 0.0]",prompt5_descending_probe_low.wav,probe_low,descending,5
0.23692307692307693,0.14153846153846153,0.8430769230769231,1,0.11165048543689321,0.9447674418604651,"[0.0, 0.876, 0.0, 0.0, 0.0, 0.112, 0.012, 0.0, 0.0, 0.0, 0.0, 0.0]","[0.9444444444444444, 0.0, 1.0, 0.0, 0.0, 0.0, 0.0, 0.0]",prompt5_descending_probe_mid.wav,probe_mid,descending,5
0.275974025974026,0.41883116883116883,0.5746753246753247,1,0.3265822784810127,0.8953488372093024,"[0.0, 0.668, 0.0, 0.0, 0.0, 0.327, 0.005, 0.0, 0.0, 0.0, 0.0, 0.0]","[0.9767441860465116, 0.0, 1.0, 0.0, 0.0, 0.0, 0.0, 0.0]",prompt5_descending_probe_strong.wav,probe_strong,descending,5
0.0,0.0,1.0,3,0.0,0.9169435215946844,"[0.0, 0.0, 0.0, 1.0, 0.0, 0.0, 0.0, 0.0, 0.0, 0.0, 0.0, 0.0]","[0.0, 0.0, 0.0, 0.0, 0.0, 0.0, 0.0]",prompt6_alternating_baseline.wav,baseline,alternating,6
0.15331010452961671,0.42160278745644597,0.42160278745644597,5,0.5026595744680851,0.9534883720930233,"[0.0, 0.234, 0.0, 0.109, 0.154, 0.503, 0.0, 0.0, 0.0, 0.0, 0.0, 0.0]","[1.0, 0.0, 0.0, 0.09302325581395349, 0.0, 0.0, 0.0]",prompt6_alternating_combined.wav,combined,alternating,6
0.0,0.0,1.0,3,0.0,0.946843853820598,"[0.0, 0.0, 0.0, 1.0, 0.0, 0.0, 0.0, 0.0, 0.0, 0.0, 0.0, 0.0]","[0.0, 0.0, 0.0, 0.0, 0.0, 0.0, 0.0]",prompt6_alternating_itc.wav,itc,alternating,6
0.22333333333333333,0.47,0.47,5,0.5121359223300971,0.9966777408637874,"[0.0, 0.0, 0.0, 0.112, 0.376, 0.512, 0.0, 0.0, 0.0, 0.0, 0.0, 0.0]","[1.0, 0.0, 0.0, 0.09302325581395349, 0.0, 0.0, 0.4883720930232558]",prompt6_alternating_probe_high.wav,probe_high,alternating,6
0.0706713780918728,0.13074204946996468,0.5371024734982333,3,0.15789473684210525,0.9401993355481728,"[0.0, 0.0, 0.0, 0.511, 0.332, 0.158, 0.0, 0.0, 0.0, 0.0, 0.0, 0.0]","[0.42857142857142855, 0.0, 0.0, 0.0, 0.0, 0.0, 0.15151515151515152]",prompt6_alternating_probe_low.wav,probe_low,alternating,6
0.21140939597315436,0.3859060402684564,0.3859060402684564,5,0.36341463414634145,0.9900332225913622,"[0.0, 0.0, 0.0, 0.263, 0.373, 0.363, 0.0, 0.0, 0.0, 0.0, 0.0, 0.0]","[1.0, 0.0, 0.0, 0.0, 0.0, 0.0, 0.5348837209302325]",prompt6_alternating_probe_mid.wav,probe_mid,alternating,6
0.2604166666666667,0.53125,0.53125,5,0.58,0.9568106312292359,"[0.0, 0.0, 0.0, 0.048, 0.372, 0.58, 0.0, 0.0, 0.0, 0.0, 0.0, 0.0]","[1.0, 0.0, 0.0, 0.23255813953488372, 0.0, 0.0, 0.5348837209302325]",prompt6_alternating_probe_strong.wav,probe_strong,alternating,6
0.09872611464968153,0.0,1.0,3,0.0,0.9127906976744186,"[0.0, 0.0, 0.0, 1.0, 0.0, 0.0, 0.0, 0.0, 0.0, 0.0, 0.0, 0.0]","[0.0, 0.0, 0.0, 0.0, 0.0, 0.0, 1.0, 0.0]",prompt6_ascending_baseline.wav,baseline,ascending,6
0.005076142131979695,0.16243654822335024,0.6598984771573604,3,0.16113744075829384,0.5726744186046512,"[0.0, 0.0, 0.0, 0.659, 0.18, 0.161, 0.0, 0.0, 0.0, 0.0, 0.0, 0.0]","[nan, nan, 0.0, 0.0, 0.0, 0.0, 0.125, 0.0]",prompt6_ascending_combined.wav,combined,ascending,6
0.11782477341389729,0.0,1.0,3,0.0,0.9622093023255814,"[0.0, 0.0, 0.0, 1.0, 0.0, 0.0, 0.0, 0.0, 0.0, 0.0, 0.0, 0.0]","[0.0, 0.0, 0.0, 0.0, 0.0, 0.0, 1.0, 0.0]",prompt6_ascending_itc.wav,itc,ascending,6
0.09411764705882353,0.36470588235294116,0.36470588235294116,5,0.36855036855036855,0.9883720930232558,"[0.0, 0.0, 0.0, 0.256, 0.376, 0.369, 0.0, 0.0, 0.0, 0.0, 0.0, 0.0]","[0.8205128205128205, 0.0, 0.0, 0.0, 0.0, 0.0, 0.0, 0.0]",prompt6_ascending_probe_high.wav,probe_high,ascending,6
0.07112970711297072,0.012552301255230125,0.9121338912133892,3,0.010344827586206896,0.6947674418604651,"[0.0, 0.0, 0.0, 0.928, 0.062, 0.01, 0.0, 0.0, 0.0, 0.0, 0.0, 0.0]","[0.0, 0.0, 0.0, 0.0, 0.0, 0.0, 0.7391304347826086, 0.0]",prompt6_ascending_probe_low.wav,probe_low,ascending,6
0.10089020771513353,0.2195845697329377,0.41839762611275966,4,0.24257425742574257,0.9796511627906976,"[0.0, 0.0, 0.0, 0.332, 0.426, 0.243, 0.0, 0.0, 0.0, 0.0, 0.0, 0.0]","[0.9444444444444444, 0.0, 0.0, 0.0, 0.0, 0.0, 0.0, 0.0]",prompt6_ascending_probe_mid.wav,probe_mid,ascending,6
0.11764705882352941,0.43823529411764706,0.43823529411764706,5,0.4449877750611247,0.9883720930232558,"[0.0, 0.0, 0.0, 0.193, 0.362, 0.445, 0.0, 0.0, 0.0, 0.0, 0.0, 0.0]","[0.9487179487179487, 0.0, 0.0, 0.0, 0.0, 0.0, 0.0, 0.06976744186046512]",prompt6_ascending_probe_strong.wav,probe_strong,ascending,6
0.13694267515923567,0.0,1.0,3,0.0,0.9127906976744186,"[0.0, 0.0, 0.0, 1.0, 0.0, 0.0, 0.0, 0.0, 0.0, 0.0, 0.0, 0.0]","[0.0, 1.0, 0.0, 0.0, 0.0, 0.0, 0.0, 0.0]",prompt6_descending_baseline.wav,baseline,descending,6
0.12835820895522387,0.24776119402985075,0.4,4,0.29207920792079206,0.9738372093023255,"[0.0, 0.0, 0.0, 0.29, 0.416, 0.292, 0.002, 0.0, 0.0, 0.0, 0.0, 0.0]","[0.9705882352941176, 0.18604651162790697, 0.0, 0.0, 0.0, 0.0, 0.0, 0.046511627906976744]",prompt6_descending_combined.wav,combined,descending,6
0.14052287581699346,0.0,1.0,3,0.0,0.8895348837209303,"[0.0, 0.0, 0.0, 1.0, 0.0, 0.0, 0.0, 0.0, 0.0, 0.0, 0.0, 0.0]","[0.0, 1.0, 0.0, 0.0, 0.0, 0.0, 0.0, 0.0]",prompt6_descending_itc.wav,itc,descending,6
0.09411764705882353,0.36470588235294116,0.36470588235294116,5,0.37163814180929094,0.9883720930232558,"[0.0, 0.0, 0.0, 0.254, 0.374, 0.372, 0.0, 0.0, 0.0, 0.0, 0.0, 0.0]","[0.8205128205128205, 0.0, 0.0, 0.0, 0.0, 0.0, 0.0, 0.0]",prompt6_descending_probe_high.wav,probe_high,descending,6
0.05627705627705628,0.0,0.9307359307359307,3,0.0,0.6715116279069767,"[0.0, 0.0, 0.0, 0.943, 0.057, 0.0, 0.0, 0.0, 0.0, 0.0, 0.0, 0.0]","[0.0, 1.0, 0.0, 0.0, 0.0, 0.0, 0.0, 0.0]",prompt6_descending_probe_low.wav,probe_low,descending,6
0.10324483775811209,0.23303834808259588,0.40707964601769914,4,0.25,0.9854651162790697,"[0.0, 0.0, 0.0, 0.331, 0.419, 0.25, 0.0, 0.0, 0.0, 0.0, 0.0, 0.0]","[0.9210526315789473, 0.0, 0.0, 0.0, 0.0, 0.0, 0.0, 0.0]",prompt6_descending_probe_mid.wav,probe_mid,descending,6
0.10882352941176471,0.42058823529411765,0.42058823529411765,5,0.4254278728606357,0.9883720930232558,"[0.0, 0.0, 0.0, 0.188, 0.386, 0.425, 0.0, 0.0, 0.0, 0.0, 0.0, 0.0]","[0.8717948717948718, 0.0, 0.0, 0.0, 0.0, 0.0, 0.0, 0.06976744186046512]",prompt6_descending_probe_strong.wav,probe_strong,descending,6
0.02702702702702703,0.12162162162162163,0.4864864864864865,11,0.08450704225352113,0.9833887043189369,"[0.216, 0.016, 0.0, 0.007, 0.0, 0.085, 0.239, 0.0, 0.0, 0.0, 0.0, 0.437]","[0.075, 0.0, 0.0, 0.12195121951219512, 0.0, 0.0, 0.0]",prompt7_alternating_baseline.wav,baseline,alternating,7
0.39361702127659576,0.6170212765957447,0.6170212765957447,5,0.7419354838709677,0.6245847176079734,"[0.054, 0.0, 0.0, 0.043, 0.1, 0.742, 0.004, 0.004, 0.0, 0.0, 0.0, 0.054]","[0.9512195121951219, 0.0, 0.0, 0.1111111111111111, 0.2682926829268293, 0.0, 1.0]",prompt7_alternating_combined.wav,combined,alternating,7
0.0,0.0,0.45384615384615384,6,0.0,0.8637873754152824,"[0.289, 0.025, 0.0, 0.0, 0.0, 0.0, 0.322, 0.0, 0.0, 0.0, 0.0, 0.365]","[0.0, 0.0, 0.0, 0.0, 0.0, 0.0, 0.0]",prompt7_alternating_itc.wav,itc,alternating,7
0.29136690647482016,0.7446043165467626,0.7446043165467626,5,0.814621409921671,0.9235880398671097,"[0.0, 0.081, 0.0, 0.029, 0.073, 0.815, 0.003, 0.0, 0.0, 0.0, 0.0, 0.0]","[0.975609756097561, 0.0, 0.0, 0.0, 0.0, 0.0, 1.0]",prompt7_alternating_probe_high.wav,probe_high,alternating,7
0.29296875,0.5625,0.5625,5,0.7098445595854922,0.8504983388704319,"[0.013, 0.0, 0.003, 0.06, 0.052, 0.71, 0.044, 0.047, 0.0, 0.0, 0.0, 0.073]","[0.6585365853658537, 0.0, 0.0, 0.0, 0.11627906976744186, 0.0, 1.0]",prompt7_alternating_probe_low.wav,probe_low,alternating,7
0.3187250996015936,0.7250996015936255,0.7250996015936255,5,0.791907514450867,0.8338870431893688,"[0.003, 0.0, 0.0, 0.023, 0.153, 0.792, 0.006, 0.0, 0.0, 0.0, 0.0, 0.023]","[0.9512195121951219, 0.0, 0.0, 0.0, 0.030303030303030304, 0.0, 1.0]",prompt7_alternating_probe_mid.wav,probe_mid,alternating,7
0.29856115107913667,0.7553956834532374,0.7553956834532374,5,0.8198433420365535,0.9235880398671097,"[0.0, 0.086, 0.0, 0.016, 0.076, 0.82, 0.003, 0.0, 0.0, 0.0, 0.0, 0.0]","[0.975609756097561, 0.0, 0.0, 0.0, 0.0, 0.0, 1.0]",prompt7_alternating_probe_strong.wav,probe_strong,alternating,7
0.008849557522123894,0.10619469026548672,0.528023598820059,11,0.08450704225352113,0.9854651162790697,"[0.216, 0.016, 0.0, 0.007, 0.0, 0.085, 0.239, 0.0, 0.0, 0.0, 0.0, 0.437]","[0.075, 0.0, 0.0, 0.0, 0.0, 0.0, 0.0, 0.0]",prompt7_ascending_baseline.wav,baseline,ascending,7
0.3389830508474576,0.6991525423728814,0.6991525423728814,5,0.7551724137931034,0.686046511627907,"[0.028, 0.0, 0.0, 0.062, 0.072, 0.755, 0.007, 0.0, 0.0, 0.0, 0.0, 0.076]","[0.9512195121951219, 0.0, 0.0, 0.0, 0.17073170731707318, 0.0, 0.0, 1.0]",prompt7_ascending_combined.wav,combined,ascending,7
0.0,0.0,0.43234323432343236,11,0.0,0.8808139534883721,"[0.286, 0.027, 0.0, 0.0, 0.0, 0.0, 0.322, 0.0, 0.0, 0.0, 0.0, 0.365]","[0.0, 0.0, 0.0, 0.0, 0.0, 0.0, 0.0, 0.0]",prompt7_ascending_itc.wav,itc,ascending,7
0.27129337539432175,0.7697160883280757,0.7697160883280757,5,0.8103896103896104,0.9215116279069767,"[0.0, 0.0, 0.0, 0.047, 0.114, 0.81, 0.003, 0.003, 0.023, 0.0, 0.0, 0.0]","[0.9523809523809523, 0.0, 0.06976744186046512, 0.0, 0.0, 0.0, 0.0, 1.0]",prompt7_ascending_probe_high.wav,probe_high,ascending,7
0.22073578595317725,0.5953177257525084,0.5953177257525084,5,0.6865284974093264,0.8691860465116279,"[0.0, 0.0, 0.003, 0.067, 0.044, 0.687, 0.06, 0.049, 0.0, 0.0, 0.0, 0.091]","[0.5609756097560976, 0.0, 0.0, 0.0, 0.0, 0.0, 0.0, 1.0]",prompt7_ascending_probe_low.wav,probe_low,ascending,7
0.28135593220338984,0.7627118644067796,0.7627118644067796,5,0.8016997167138811,0.8575581395348837,"[0.003, 0.0, 0.0, 0.023, 0.144, 0.802, 0.006, 0.0, 0.0, 0.0, 0.0, 0.023]","[0.975609756097561, 0.0, 0.0, 0.0, 0.030303030303030304, 0.0, 0.0, 0.9767441860465116]",prompt7_ascending_probe_mid.wav,probe_mid,ascending,7
0.24172185430463577,0.804635761589404,0.804635761589404,5,0.8405405405405405,0.877906976744186,"[0.0, 0.0, 0.0, 0.043, 0.086, 0.841, 0.005, 0.0, 0.024, 0.0, 0.0, 0.0]","[0.975609756097561, 0.0, 0.06976744186046512, 0.0, 0.0, 0.0, 0.0, 1.0]",prompt7_ascending_probe_strong.wav,probe_strong,ascending,7
0.008849557522123894,0.10619469026548672,0.528023598820059,11,0.08450704225352113,0.9854651162790697,"[0.216, 0.016, 0.0, 0.007, 0.0, 0.085, 0.239, 0.0, 0.0, 0.0, 0.0, 0.437]","[0.075, 0.0, 0.0, 0.0, 0.0, 0.0, 0.0, 0.0]",prompt7_descending_baseline.wav,baseline,descending,7
0.2770700636942675,0.7420382165605095,0.7420382165605095,5,0.7980049875311721,0.9127906976744186,"[0.0, 0.11, 0.0, 0.002, 0.085, 0.798, 0.005, 0.0, 0.0, 0.0, 0.0, 0.0]","[0.9285714285714286, 0.0, 0.16129032258064516, 0.0, 0.0, 0.0, 0.0, 1.0]",prompt7_descending_combined.wav,combined,descending,7
0.0,0.0,0.978125,11,0.0,0.9302325581395349,"[0.182, 0.03, 0.0, 0.0, 0.0, 0.0, 0.0, 0.0, 0.0, 0.0, 0.0, 0.788]","[0.0, 0.0, 0.0, 0.0, 0.0, 0.0, 0.0, 0.0]",prompt7_descending_itc.wav,itc,descending,7
0.2626582278481013,0.7658227848101266,0.7658227848101266,5,0.804177545691906,0.9186046511627907,"[0.0, 0.0, 0.0, 0.047, 0.12, 0.804, 0.003, 0.0, 0.026, 0.0, 0.0, 0.0]","[0.975609756097561, 0.0, 0.0, 0.0, 0.0, 0.0, 0.0, 1.0]",prompt7_descending_probe_high.wav,probe_high,descending,7
0.21885521885521886,0.5892255892255892,0.5892255892255892,5,0.6822916666666666,0.8633720930232558,"[0.003, 0.0, 0.003, 0.078, 0.034, 0.682, 0.062, 0.049, 0.0, 0.0, 0.0, 0.089]","[0.5365853658536586, 0.0, 0.0, 0.0, 0.0, 0.0, 0.0, 1.0]",prompt7_descending_probe_low.wav,probe_low,descending,7
0.284375,0.703125,0.703125,5,0.6760204081632653,0.9302325581395349,"[0.0, 0.112, 0.0, 0.036, 0.163, 0.676, 0.013, 0.0, 0.0, 0.0, 0.0, 0.0]","[0.9512195121951219, 0.0, 0.3333333333333333, 0.0, 0.0, 0.0, 0.0, 0.9302325581395349]",prompt7_descending_probe_mid.wav,probe_mid,descending,7
0.23076923076923078,0.782608695652174,0.782608695652174,5,0.8126721763085399,0.8691860465116279,"[0.0, 0.0, 0.0, 0.044, 0.113, 0.813, 0.006, 0.003, 0.022, 0.0, 0.0, 0.0]","[0.975609756097561, 0.0, 0.0, 0.0, 0.0, 0.0, 0.0, 1.0]",prompt7_descending_probe_strong.wav,probe_strong,descending,7
0.027522935779816515,0.0,0.7568807339449541,3,0.0,0.7242524916943521,"[0.194, 0.044, 0.175, 0.524, 0.0, 0.0, 0.0, 0.0, 0.063, 0.0, 0.0, 0.0]","[0.0, 0.0, 0.0, 0.0, 0.0, 0.20689655172413793, 0.0]",prompt8_alternating_baseline.wav,baseline,alternating,8
0.2868217054263566,0.6782945736434108,0.6782945736434108,5,0.7446808510638298,0.8571428571428571,"[0.0, 0.0, 0.027, 0.213, 0.015, 0.745, 0.0, 0.0, 0.0, 0.0, 0.0, 0.0]","[0.975, 0.0, 0.0, 0.2727272727272727, 0.0, 0.0, 1.0]",prompt8_alternating_combined.wav,combined,alternating,8
0.1346153846153846,0.0,0.47596153846153844,3,0.0,0.6910299003322259,"[0.281, 0.198, 0.096, 0.316, 0.0, 0.0, 0.0, 0.0, 0.109, 0.0, 0.0, 0.0]","[0.0, 0.0, 0.5675675675675675, 0.0, 0.0, 0.19444444444444445, 0.0]",prompt8_alternating_itc.wav,itc,alternating,8
0.3175182481751825,0.6970802919708029,0.6970802919708029,5,0.7849740932642487,0.9102990033222591,"[0.0, 0.0, 0.01, 0.202, 0.003, 0.785, 0.0, 0.0, 0.0, 0.0, 0.0, 0.0]","[1.0, 0.0, 0.0, 0.15625, 0.0, 0.0, 1.0]",prompt8_alternating_probe_high.wav,probe_high,alternating,8
0.2740740740740741,0.6814814814814815,0.6814814814814815,5,0.7712765957446809,0.8970099667774086,"[0.0, 0.0, 0.003, 0.205, 0.021, 0.771, 0.0, 0.0, 0.0, 0.0, 0.0, 0.0]","[0.8378378378378378, 0.0, 0.0, 0.0, 0.0, 0.0, 1.0]",prompt8_alternating_probe_low.wav,probe_low,alternating,8
0.3048327137546468,0.6914498141263941,0.6914498141263941,5,0.7792553191489362,0.893687707641196,"[0.0, 0.0, 0.011, 0.207, 0.003, 0.779, 0.0, 0.0, 0.0, 0.0, 0.0, 0.0]","[1.0, 0.0, 0.0, 0.03571428571428571, 0.0, 0.0, 1.0]",prompt8_alternating_probe_mid.wav,probe_mid,alternating,8
0.3175182481751825,0.6970802919708029,0.6970802919708029,5,0.7744565217391305,0.9102990033222591,"[0.0, 0.0, 0.011, 0.209, 0.005, 0.774, 0.0, 0.0, 0.0, 0.0, 0.0, 0.0]","[1.0, 0.0, 0.0, 0.15625, 0.0, 0.0, 1.0]",prompt8_alternating_probe_strong.wav,probe_strong,alternating,8
0.04938271604938271,0.0,0.6790123456790124,3,0.0,0.7063953488372093,"[0.194, 0.044, 0.175, 0.524, 0.0, 0.0, 0.0, 0.0, 0.063, 0.0, 0.0, 0.0]","[0.0, 0.0, 0.0, 0.0, 0.0, 0.06896551724137931, 0.5882352941176471, 0.0]",prompt8_ascending_baseline.wav,baseline,ascending,8
0.15714285714285714,0.6928571428571428,0.6928571428571428,5,0.7485549132947977,0.813953488372093,"[0.0, 0.0, 0.017, 0.22, 0.014, 0.749, 0.0, 0.0, 0.0, 0.0, 0.0, 0.0]","[1.0, 0.0, 0.0, 0.0, 0.0, 0.0, 0.0, 1.0]",prompt8_ascending_combined.wav,combined,ascending,8
0.05263157894736842,0.0,0.4342105263157895,3,0.0,0.6627906976744186,"[0.234, 0.214, 0.102, 0.336, 0.0, 0.0, 0.0, 0.0, 0.115, 0.0, 0.0, 0.0]","[0.0, 0.0, 0.0, 0.0, 0.0, 0.19444444444444445, 0.21739130434782608, 0.0]",prompt8_ascending_itc.wav,itc,ascending,8
0.26282051282051283,0.7339743589743589,0.7339743589743589,5,0.7810026385224275,0.9069767441860465,"[0.0, 0.0, 0.005, 0.211, 0.003, 0.781, 0.0, 0.0, 0.0, 0.0, 0.0, 0.0]","[1.0, 0.0, 0.0, 0.0, 0.0, 0.0, 0.0, 1.0]",prompt8_ascending_probe_high.wav,probe_high,ascending,8
0.18439716312056736,0.6808510638297872,0.6808510638297872,5,0.7355371900826446,0.8197674418604651,"[0.0, 0.0, 0.003, 0.218, 0.022, 0.736, 0.006, 0.006, 0.011, 0.0, 0.0, 0.0]","[0.6410256410256411, 0.0, 0.0, 0.0, 0.0, 0.0, 0.0, 1.0]",prompt8_ascending_probe_low.wav,probe_low,ascending,8
0.26644736842105265,0.7401315789473685,0.7401315789473685,5,0.7931937172774869,0.8837209302325582,"[0.0, 0.0, 0.005, 0.199, 0.003, 0.793, 0.0, 0.0, 0.0, 0.0, 0.0, 0.0]","[1.0, 0.0, 0.0, 0.0, 0.0, 0.0, 0.0, 1.0]",prompt8_ascending_probe_mid.wav,probe_mid,ascending,8
0.26198083067092653,0.7348242811501597,0.7348242811501597,5,0.781578947368421,0.9098837209302325,"[0.0, 0.0, 0.003, 0.213, 0.003, 0.782, 0.0, 0.0, 0.0, 0.0, 0.0, 0.0]","[1.0, 0.0, 0.0, 0.0, 0.0, 0.0, 0.0, 1.0]",prompt8_ascending_probe_strong.wav,probe_strong,ascending,8
0.2551440329218107,0.0,0.6790123456790124,3,0.0,0.7063953488372093,"[0.194, 0.044, 0.175, 0.524, 0.0, 0.0, 0.0, 0.0, 0.063, 0.0, 0.0, 0.0]","[0.0, 1.0, 0.0, 0.3333333333333333, 0.0, 0.20689655172413793, 0.0, 0.0]",prompt8_descending_baseline.wav,baseline,descending,8
0.2694805194805195,0.7272727272727273,0.7272727272727273,5,0.7410256410256411,0.8953488372093024,"[0.0, 0.0, 0.003, 0.205, 0.051, 0.741, 0.0, 0.0, 0.0, 0.0, 0.0, 0.0]","[1.0, 0.0, 0.0, 0.0, 0.0, 0.0, 0.0, 1.0]",prompt8_descending_combined.wav,combined,descending,8
0.2425531914893617,0.0,0.6297872340425532,3,0.0,0.6831395348837209,"[0.15, 0.213, 0.064, 0.471, 0.0, 0.0, 0.0, 0.0, 0.102, 0.0, 0.0, 0.0]","[0.0, 1.0, 0.0, 0.28125, 0.0, 0.17857142857142858, 0.0, 0.0]",prompt8_descending_itc.wav,itc,descending,8
0.26384364820846906,0.739413680781759,0.739413680781759,5,0.7532133676092545,0.8924418604651163,"[0.0, 0.0, 0.003, 0.242, 0.003, 0.753, 0.0, 0.0, 0.0, 0.0, 0.0, 0.0]","[1.0, 0.0, 0.0, 0.0, 0.0, 0.0, 0.0, 1.0]",prompt8_descending_probe_high.wav,probe_high,descending,8
0.17142857142857143,0.6714285714285714,0.6714285714285714,5,0.7058823529411765,0.813953488372093,"[0.0, 0.0, 0.003, 0.238, 0.031, 0.706, 0.006, 0.006, 0.011, 0.0, 0.0, 0.0]","[0.5897435897435898, 0.0, 0.0, 0.0, 0.0, 0.0, 0.0, 1.0]",prompt8_descending_probe_low.wav,probe_low,descending,8
0.26490066225165565,0.7384105960264901,0.7384105960264901,5,0.7545691906005222,0.877906976744186,"[0.0, 0.0, 0.0, 0.243, 0.003, 0.755, 0.0, 0.0, 0.0, 0.0, 0.0, 0.0]","[1.0, 0.0, 0.0, 0.0, 0.0, 0.0, 0.0, 1.0]",prompt8_descending_probe_mid.wav,probe_mid,descending,8
0.2604501607717042,0.7331189710610932,0.7331189710610932,5,0.7480916030534351,0.9040697674418605,"[0.0, 0.0, 0.003, 0.247, 0.003, 0.748, 0.0, 0.0, 0.0, 0.0, 0.0, 0.0]","[1.0, 0.0, 0.0, 0.0, 0.0, 0.0, 0.0, 1.0]",prompt8_descending_probe_strong.wav,probe_strong,descending,8
0.17159763313609466,0.0,0.33727810650887574,9,0.0,0.5614617940199336,"[0.091, 0.0, 0.0, 0.0, 0.0, 0.0, 0.0, 0.166, 0.198, 0.401, 0.0, 0.144]","[0.0, 1.0, 0.0, nan, 0.0, 0.0, 0.0]",prompt9_alternating_baseline.wav,baseline,alternating,9
0.3924050632911392,1.0,1.0,5,1.0,0.7873754152823921,"[0.0, 0.0, 0.0, 0.0, 0.0, 1.0, 0.0, 0.0, 0.0, 0.0, 0.0, 0.0]","[1.0, 0.0, 0.0, 1.0, 0.0, 0.0, 1.0]",prompt9_alternating_combined.wav,combined,alternating,9
0.15178571428571427,0.0,0.32142857142857145,7,0.0,0.37209302325581395,"[0.136, 0.0, 0.235, 0.0, 0.0, 0.0, 0.0, 0.273, 0.136, 0.22, 0.0, 0.0]","[0.0, 1.0, nan, nan, 0.0, 0.0, 0.0]",prompt9_alternating_itc.wav,itc,alternating,9
0.40609137055837563,1.0,1.0,5,1.0,0.654485049833887,"[0.0, 0.0, 0.0, 0.0, 0.0, 1.0, 0.0, 0.0, 0.0, 0.0, 0.0, 0.0]","[1.0, 0.0, 0.0, nan, nan, 0.0, 1.0]",prompt9_alternating_probe_high.wav,probe_high,alternating,9
0.3677685950413223,0.78099173553719,0.78099173553719,5,0.8502824858757062,0.8039867109634552,"[0.15, 0.0, 0.0, 0.0, 0.0, 0.85, 0.0, 0.0, 0.0, 0.0, 0.0, 0.0]","[1.0, 0.0, 0.0, 0.0, 1.0, 0.0, 1.0]",prompt9_alternating_probe_low.wav,probe_low,alternating,9
0.3902439024390244,0.9390243902439024,0.9390243902439024,5,0.9581005586592178,0.8172757475083057,"[0.042, 0.0, 0.0, 0.0, 0.0, 0.958, 0.0, 0.0, 0.0, 0.0, 0.0, 0.0]","[1.0, 0.0, 0.0, 1.0, 0.20588235294117646, 0.0, 1.0]",prompt9_alternating_probe_mid.wav,probe_mid,alternating,9
0.3319672131147541,0.9795081967213115,0.9795081967213115,5,0.9859154929577465,0.8106312292358804,"[0.0, 0.0, 0.0, 0.0, 0.0, 0.986, 0.0, 0.014, 0.0, 0.0, 0.0, 0.0]","[1.0, 0.0, 0.0, 1.0, 0.0, 0.0, 1.0]",prompt9_alternating_probe_strong.wav,probe_strong,alternating,9
0.0,0.0,0.40106951871657753,9,0.0,0.5436046511627907,"[0.091, 0.0, 0.0, 0.0, 0.0, 0.0, 0.0, 0.166, 0.198, 0.401, 0.0, 0.144]","[0.0, 0.0, 0.0, nan, 0.0, 0.0, 0.0, 0.0]",prompt9_ascending_baseline.wav,baseline,ascending,9
0.2852112676056338,0.9683098591549296,0.9683098591549296,5,0.9745042492917847,0.8255813953488372,"[0.025, 0.0, 0.0, 0.0, 0.0, 0.975, 0.0, 0.0, 0.0, 0.0, 0.0, 0.0]","[1.0, 0.0, 0.0, 0.0, 0.0, 0.0, 0.0, 1.0]",prompt9_ascending_combined.wav,combined,ascending,9
0.0,0.0,0.2727272727272727,7,0.0,0.38372093023255816,"[0.136, 0.0, 0.235, 0.0, 0.0, 0.0, 0.0, 0.273, 0.136, 0.22, 0.0, 0.0]","[0.0, 0.0, nan, nan, 0.0, 0.0, 0.0, 0.0]",prompt9_ascending_itc.wav,itc,ascending,9
0.2789115646258503,0.8673469387755102,0.8673469387755102,5,0.8922651933701657,0.8546511627906976,"[0.0, 0.0, 0.0, 0.0, 0.0, 0.892, 0.041, 0.066, 0.0, 0.0, 0.0, 0.0]","[1.0, 0.0, 0.0, 0.0, 0.0, 0.0, 0.0, 1.0]",prompt9_ascending_probe_high.wav,probe_high,ascending,9
0.30742049469964666,0.8197879858657244,0.8197879858657244,5,0.8551136363636364,0.8226744186046512,"[0.145, 0.0, 0.0, 0.0, 0.0, 0.855, 0.0, 0.0, 0.0, 0.0, 0.0, 0.0]","[1.0, 0.0, 0.0, 0.0, 1.0, 0.0, 0.0, 1.0]",prompt9_ascending_probe_low.wav,probe_low,ascending,9
0.28368794326241137,0.9645390070921985,0.9645390070921985,5,0.9714285714285714,0.8197674418604651,"[0.02, 0.0, 0.0, 0.009, 0.0, 0.971, 0.0, 0.0, 0.0, 0.0, 0.0, 0.0]","[1.0, 0.0, 0.0, 0.0, 0.0, 0.0, 0.0, 1.0]",prompt9_ascending_probe_mid.wav,probe_mid,ascending,9
0.2949640287769784,0.920863309352518,0.920863309352518,5,0.9364161849710982,0.8081395348837209,"[0.0, 0.0, 0.0, 0.0, 0.0, 0.936, 0.038, 0.026, 0.0, 0.0, 0.0, 0.0]","[1.0, 0.0, 0.0, 0.0, 0.0, 0.0, 0.0, 1.0]",prompt9_ascending_probe_strong.wav,probe_strong,ascending,9
0.0,0.0,0.40106951871657753,9,0.0,0.5436046511627907,"[0.091, 0.0, 0.0, 0.0, 0.0, 0.0, 0.0, 0.166, 0.198, 0.401, 0.0, 0.144]","[0.0, 0.0, 0.0, nan, 0.0, 0.0, 0.0, 0.0]",prompt9_descending_baseline.wav,baseline,descending,9
0.3014705882352941,1.0,1.0,5,1.0,0.7906976744186046,"[0.0, 0.0, 0.0, 0.0, 0.0, 1.0, 0.0, 0.0, 0.0, 0.0, 0.0, 0.0]","[1.0, 0.0, 0.0, 0.0, 0.0, 0.0, 0.0, 1.0]",prompt9_descending_combined.wav,combined,descending,9
0.10457516339869281,0.006535947712418301,0.24836601307189543,8,0.006535947712418301,0.44476744186046513,"[0.144, 0.0, 0.163, 0.0, 0.0, 0.007, 0.02, 0.163, 0.248, 0.17, 0.0, 0.085]","[0.02564102564102564, 0.0, 0.0, nan, 0.0, 0.0, 0.5769230769230769, 0.0]",prompt9_descending_itc.wav,itc,descending,9
0.281786941580756,0.872852233676976,0.872852233676976,5,0.8969359331476323,0.8459302325581395,"[0.0, 0.0, 0.0, 0.0, 0.0, 0.897, 0.045, 0.058, 0.0, 0.0, 0.0, 0.0]","[1.0, 0.0, 0.0, 0.0, 0.0, 0.0, 0.0, 1.0]",prompt9_descending_probe_high.wav,probe_high,descending,9
0.40350877192982454,0.8140350877192982,0.8140350877192982,5,0.8502824858757062,0.8284883720930233,"[0.15, 0.0, 0.0, 0.0, 0.0, 0.85, 0.0, 0.0, 0.0, 0.0, 0.0, 0.0]","[1.0, 0.0, 0.0, 1.0, 0.0, 0.0, 0.0, 1.0]",prompt9_descending_probe_low.wav,probe_low,descending,9
0.291970802919708,1.0,1.0,5,1.0,0.7965116279069767,"[0.0, 0.0, 0.0, 0.0, 0.0, 1.0, 0.0, 0.0, 0.0, 0.0, 0.0, 0.0]","[1.0, 0.0, 0.0, 0.0, 0.0, 0.0, 0.0, 1.0]",prompt9_descending_probe_mid.wav,probe_mid,descending,9
0.29285714285714287,0.9142857142857143,0.9142857142857143,5,0.9310344827586207,0.813953488372093,"[0.0, 0.0, 0.0, 0.0, 0.0, 0.931, 0.037, 0.032, 0.0, 0.0, 0.0, 0.0]","[1.0, 0.0, 0.0, 0.0, 0.0, 0.0, 0.0, 1.0]",prompt9_descending_probe_strong.wav,probe_strong,descending,9
