variant,row,f1,pos_recall,top1_acc,bce,R_entropy,R_margin,R_maxprob,agree_final,mean_p,f1_sem,pos_recall_sem,top1_acc_sem,bce_sem,R_entropy_sem,R_margin_sem,R_maxprob_sem,agree_final_sem,mean_p_sem,progress,sigma,rms,sig_rel
gauss_proxy,0,0.03016159818265218,0.020387576388659227,0.06929750001965583,0.41824616491794586,0.28594641894102096,0.14842516615986823,0.37927559614181516,0.9255253479262651,0.08731682240962982,0.005623441117222432,0.0039313678073087605,0.00735507232102658,0.005767630175529091,0.0030007179966152213,0.002164005377200602,0.005318488485227704,0.005377519580725422,0.0014131280494192986,0.02,431.08311157226564,430.5292901611328,409.6208228406286
gauss_proxy,1,0.04386017105101439,0.030686910308329134,0.07008831898377277,0.416289284825325,0.2774616801738739,0.1532204705476761,0.390982306599617,0.9222744494984633,0.0922346305847168,0.006507989507404235,0.00488630871891245,0.006783556353033324,0.006290728273044987,0.0020074299554819694,0.0024782017920277626,0.004122339401245742,0.005368673000686227,0.0008030788252435476,0.04,371.83885192871094,369.9981414794922,352.029455511139
gauss_proxy,2,0.04280758013558194,0.02961744123569441,0.07844329004649259,0.41389709651470186,0.28074400186538695,0.15730323404073715,0.3938799273967743,0.9217849047707724,0.09189915746450424,0.005048816201482054,0.003479371919441987,0.0065874307452692465,0.006302227781712951,0.0018803999262869211,0.0027461911046347343,0.0043309862208447646,0.005187043063386952,0.0013669854680211245,0.06,320.9083917236328,318.0710192871094,302.62299661467193
gauss_proxy,3,0.03538071144370468,0.025137003323913772,0.08607005592902629,0.4184768217802048,0.28019227474927905,0.14926867663860321,0.3949578642845154,0.9218010806796764,0.09399779066443444,0.005278072884839309,0.004000052125899301,0.00795493759192746,0.007187357272584615,0.0028989284299259536,0.002203817812400422,0.00439294681217245,0.005496102121830975,0.0015296381208434664,0.08,277.1237518310547,273.03994140625,259.7786063632353
gauss_proxy,4,0.04377137069638208,0.030102625168335884,0.07936000350207431,0.4121139824390411,0.28520475924015043,0.152035174369812,0.38113834261894225,0.9243024607575749,0.08839563563466073,0.0048471924752185236,0.003355765891299099,0.005819549101139569,0.004975466778127244,0.001866279662127849,0.00354893376624381,0.006236098017568072,0.0052352652389172005,0.0015048642406189246,0.1,239.48102569580078,234.64336639404297,223.24584799908436
gauss_proxy,5,0.04326937880128034,0.0303846317466389,0.06796226187921793,0.41642917931079865,0.27312369406223297,0.1401974694430828,0.39006358742713926,0.9205263132734153,0.09492718324065208,0.004259825455061752,0.003082304373570022,0.006345315462710135,0.005308534643646856,0.001652072718574982,0.0024094257954802695,0.005377866761641701,0.005366766535606006,0.0015161388194693567,0.12,207.11739196777344,201.5529641723633,191.762130412375
gauss_proxy,6,0.04582913461059472,0.033746985173693206,0.07962298452866663,0.419845831990242,0.27540526270866394,0.15019688308238982,0.41783961057662966,0.9152221342540646,0.10149039581418037,0.005651116481986781,0.004335895822218849,0.006618345039427134,0.006735509806130384,0.001802848575593316,0.0025103701334378723,0.00493271954340846,0.005525373049973598,0.0015545443509023705,0.14,179.29124664306642,173.38167755126952,164.95851904181373
gauss_proxy,7,0.03706840073814924,0.02643830808977024,0.06890729150768005,0.4289917302131653,0.2855846983194351,0.14740450218319892,0.3874428158998489,0.9216996687168623,0.09139927476644516,0.004878996006664863,0.0036072832317556864,0.007490565564419589,0.005597019775890714,0.0025991731701421605,0.0023716481192203667,0.005736383985066505,0.005337084426070394,0.0017548426899576686,0.16,155.3651187133789,149.03628784179688,141.79481457716057
gauss_proxy,8,0.035223808587234215,0.025552059970156447,0.07428578684091977,0.41647502303123474,0.2792728713154793,0.16216751784086228,0.4089016795158386,0.9177815404776528,0.09561814576387405,0.0043144546028675585,0.00314511315285496,0.005994653847414494,0.005131841885069506,0.002304792790118711,0.003043163439013015,0.005577927158426035,0.005304785843780864,0.0010758526251442892,0.18,134.79117309570313,128.19299362182616,121.9633768528201
gauss_proxy,9,0.03892086033428173,0.028887023341935793,0.06750215921374603,0.4423546290397644,0.29432392716407774,0.15749010622501372,0.415080925822258,0.9146293992683971,0.096332705616951,0.005488224332155646,0.004198458184606675,0.006392692502338516,0.0069273221658613555,0.0022627689387748734,0.0030999528601250493,0.006500767598107648,0.0052448753802313485,0.0019221827359709985,0.2,117.09850021362304,110.1713882446289,104.81598467871721
gauss_proxy,10,0.031154178952134726,0.021926465078130532,0.06914381916378644,0.4166796636581421,0.2845850747823715,0.14741237014532088,0.396580827832222,0.9207123778208905,0.09360143721103668,0.0045131991865608855,0.0032348586160400898,0.005409822182108026,0.004988274944470694,0.002672402402777983,0.0024021181998678514,0.005450325905203213,0.005943031629439961,0.0014648930532245184,0.22,101.88236236572266,94.65337631225586,90.05060384582222
gauss_proxy,11,0.0381997118293746,0.026077390224195893,0.07301381036733415,0.4141396450996399,0.2881278932094574,0.16451632887125014,0.4000960648059845,0.9228222855444315,0.09249856635928154,0.004367820023418237,0.0029579640588610653,0.005705185452109755,0.005563395222752857,0.002478811126021087,0.002589940808290695,0.004987415780431917,0.0052918169917099194,0.0010345855436507407,0.24,88.79489013671875,81.38580780029297,77.42657311052024
gauss_proxy,12,0.04273577380614393,0.03083225906047625,0.07523371587076304,0.41655773103237154,0.27465124785900114,0.14554191529750823,0.40631152093410494,0.9178135523854987,0.09767063736915588,0.003992033094899407,0.00291269523697731,0.005698262688562449,0.005834290737336907,0.0018422092736890801,0.0023222165826576246,0.00494566665623465,0.005130854912272236,0.0013344967292922042,0.26,77.53707412719727,69.94430206298829,66.53974701197335
gauss_proxy,13,0.04399606114173529,0.03138994858659622,0.07924813327076576,0.42231757640838624,0.2788418698310852,0.14723997667431832,0.3914048898220062,0.9201443311883436,0.09404236003756523,0.004817502083436534,0.0034963228376385953,0.0061217045675212665,0.006394083168654851,0.0023370056174685256,0.0027396703451901794,0.005841754717281664,0.005725168591794131,0.0015523190095772395,0.28,67.85192924499512,60.08374702453613,57.15696299321642
gauss_proxy,14,0.043052724676981236,0.03167647004751605,0.07081761777714689,0.4367721146345139,0.28262644171714785,0.15107400342822075,0.41171467423439023,0.9151791981693878,0.0985612304508686,0.00462914165206082,0.0033790150659043783,0.0066768043544293346,0.007487402183382975,0.001758285515196877,0.002564981923917832,0.0047321394199625715,0.005361811868584355,0.00126075770414114,0.3,59.51856559753418,51.6628955078125,49.14359697780878
gauss_proxy,15,0.040114408703085885,0.027655492400298156,0.0755334162071849,0.41859403133392337,0.2832155209779739,0.15849983304739,0.39076048076152803,0.923995331349902,0.09093358293175698,0.005510888549490245,0.003822047675084753,0.007231294057904489,0.006062197704987368,0.002345000965283048,0.003008412015212844,0.006622494273575088,0.005809251626154642,0.0016995736414466252,0.32,52.34713478088379,44.45926910400391,42.28817858983994
gauss_proxy,16,0.04382558336088712,0.03170429822283023,0.07954532992588657,0.42112667977809903,0.28483096063137053,0.15617152750492097,0.40211384534835815,0.9195592499820124,0.09401313871145249,0.006674507909472541,0.0051926139643835465,0.008826081652191266,0.006972442008915489,0.0022887502977970054,0.002199988865533176,0.004616280412834678,0.005646456161062542,0.001195544726320817,0.34,46.17444381713867,38.20858024597168,36.339211925111464
gauss_proxy,17,0.05667159880175654,0.04075319745161434,0.08048476031200798,0.412216756939888,0.28873268365859983,0.1728166937828064,0.4188366323709488,0.917790351511562,0.0958600652217865,0.006080596456801203,0.004278987044849542,0.005913701788482237,0.005909761659399024,0.001899651707077238,0.0020536590562242906,0.0032061875137290555,0.005362552469401179,0.0009339929593700382,0.36,40.860251388549806,32.79022186279297,31.181817980620902
gauss_proxy,18,0.048048411829495624,0.0331970339291876,0.08332034813870363,0.4161918252706528,0.28153318583965303,0.15780903950333594,0.4049262869358063,0.9225138824021694,0.09546592473983764,0.005445935818891555,0.0037461023116550428,0.006581939892638668,0.007109878002214718,0.002600579341138455,0.003068449183971565,0.004573243554511473,0.005287040433399811,0.0009509889393462672,0.38,36.283995475769046,28.200941619873046,26.81274216606977
gauss_proxy,19,0.060524424735971485,0.043039324576719426,0.09181625692801519,0.39767396450042725,0.28898056238889697,0.16056048721075059,0.4023011356592178,0.9220670248758241,0.09323726244270801,0.005115094199787518,0.0038404818887363156,0.0067611235343405796,0.0049883106955977375,0.003072287793296228,0.002455176361475867,0.0052585268152326005,0.005562904824465054,0.00143554595009863,0.4,32.34207424163819,24.242479858398436,23.043457534087516
gauss_proxy,20,0.0509918242345789,0.03525742519812882,0.09577348599948973,0.3981882327795029,0.28851262748241424,0.16234817266464233,0.3975205373764038,0.9243102753546764,0.09081650599837303,0.00702182227738725,0.004847840107946478,0.008050298277144126,0.005668589359086725,0.0020503240505946405,0.0020264295213345235,0.006302514544213377,0.005421180045022087,0.0017419261556812099,0.42,28.945421714782714,20.838980445861818,19.801789406131938
gauss_proxy,21,0.04306989076147439,0.031027096666352075,0.08257255643880415,0.4087193089723587,0.2825741857290268,0.15629141122102738,0.40091875195503235,0.9225227589415783,0.09383649602532387,0.005659106003002231,0.00432357361325014,0.006745405221934844,0.005645473555675583,0.00209131568038544,0.0023129567187316594,0.0059450016396034025,0.0055256838468181356,0.0016920691421359322,0.44,26.0174995803833,17.91560764312744,17.01629474792675
gauss_proxy,22,0.04578569218331654,0.03301798198357772,0.08262933343550975,0.4139856106042862,0.2909389328956604,0.1580921745300293,0.41104504764080046,0.9191946822360836,0.09543663859367371,0.005981396458399515,0.004331234585457859,0.0060396135308457225,0.005856465181421529,0.0024327927854543387,0.003044144939075786,0.004653807507914258,0.0054031487298463925,0.001245905257097667,0.46,23.492509727478026,15.415118789672851,14.632437919973027
gauss_proxy,23,0.04941809966631078,0.033947844025846476,0.09447980367263246,0.3907836025953293,0.28161559760570526,0.1539377823472023,0.3851388514041901,0.9254468689174482,0.09030233129858971,0.0053729973404318355,0.003751702561894895,0.008863833764986591,0.006548645681123029,0.0021205045559650358,0.002513083346750495,0.004148595139420295,0.005388074584902425,0.0012963051607945517,0.48,21.31391117095947,13.258672733306884,12.575096813152532
gauss_proxy,24,0.06066884383857482,0.04252422408181567,0.10368889583787871,0.39163137674331666,0.2942610341310501,0.15154056504368782,0.38745515763759614,0.9254288417124276,0.08865937560796738,0.006949194828623932,0.005065614545793309,0.008785310315897025,0.006394200127184881,0.0017956075847712827,0.003203463669385657,0.005996882033934113,0.0051303852160192,0.0014042491920625386,0.5,19.433092136383056,11.40576551437378,10.805682420935803
gauss_proxy,25,0.07686910979626098,0.05511664536934431,0.11575066738160412,0.37713327527046203,0.2879917144775391,0.15506498768925667,0.404579359292984,0.9240945316711907,0.09420707449316978,0.007253333498866166,0.0052869202686391895,0.008562201494514964,0.0052268965209376,0.002685935202460914,0.002339468226495387,0.006140541917856012,0.005451376800256772,0.001779916656706165,0.52,17.80828336715698,9.818235893249511,9.287728466107469
gauss_proxy,26,0.08677347380209006,0.06476980492003684,0.11824188208589723,0.38569618165493014,0.2974696737527847,0.170104079246521,0.4302500659227371,0.9192584596709688,0.09776699289679527,0.007857085354290277,0.006015312610539063,0.009123238490847356,0.006518857218386255,0.0016130786534984687,0.0027919016475430585,0.004762914721144711,0.004808621944231837,0.0011390877795360863,0.54,16.403571796417236,8.452573108673096,7.979650857000264
gauss_proxy,27,0.059266773523346916,0.04320590367369425,0.11546881268418244,0.3784265026450157,0.29527061760425566,0.15791069239377975,0.4029212725162506,0.9249839893467096,0.09232838556170464,0.008228276543769375,0.0063933445185658565,0.00865426152325957,0.005646750426174391,0.0015820171175600858,0.002789285528077847,0.006555664446486744,0.005496789586616706,0.0018242883350094267,0.56,15.188102111816406,7.285309791564941,6.858980600543121
gauss_proxy,28,0.08450421857643359,0.06084227957331679,0.1435746139034729,0.36722356975078585,0.2996118414402008,0.1597955644130707,0.41092958927154544,0.9229983099142746,0.0949237535893917,0.008126977350326301,0.005821189347950335,0.010272020272829495,0.006715194265488241,0.0021043663865540673,0.00260157858134528,0.006259977416033419,0.005157405803625529,0.0016377186395231573,0.58,14.135338277816773,6.2881373691558835,5.898588214361625
gauss_proxy,29,0.09058552791270331,0.06625620216423116,0.12908919763424342,0.37582048058509826,0.30291120648384096,0.16428990185260772,0.4056090754270554,0.926482898456674,0.09055974744260312,0.008332629566671692,0.006546886578644926,0.009549491348106346,0.0073232409342179105,0.0027653284729470293,0.003470054661902846,0.007466779418533902,0.0051784089157140166,0.001739386755379387,0.6,13.22248839378357,5.430256185531616,5.068843978081905
gauss_proxy,30,0.1045871786192309,0.07759169723500695,0.15677701162437657,0.3557559669017792,0.30875739991664886,0.1660438022017479,0.41398837983608244,0.9275315070395649,0.0916821700334549,0.009356138434253283,0.007889883794870609,0.01131477992192826,0.007384587879584353,0.0019397362878617798,0.003120821838802684,0.008953248873257397,0.005358919388996412,0.002315960842770626,0.62,12.429951229095458,4.7018234825134275,4.360271055352565
gauss_proxy,31,0.1225444047772975,0.09010423071513404,0.18493240979987724,0.34646376192569733,0.3166509073972702,0.1712692905962467,0.4247063946723938,0.9305017194977634,0.09348160058259963,0.010722271139747023,0.008229507762472455,0.014567680573934236,0.008397224618739403,0.0027847598261741355,0.003602126863772659,0.00793306538725579,0.004840844338608039,0.001854928807591261,0.64,11.740878562927247,4.076650791168213,3.7475353292820466
gauss_proxy,32,0.10567297690458116,0.07563997121299379,0.17432899612737665,0.34189626336097717,0.3178168535232544,0.1692037983238697,0.4095328629016876,0.9312324785483377,0.08955600038170815,0.011024631115219476,0.008155540624643187,0.014442930739665625,0.008256055034562355,0.0027060177860610737,0.0038673555177274194,0.00796248161152514,0.00506586056986274,0.0019827769175732334,0.66,11.14079849243164,3.544444189071655,3.2206275641413162
gauss_proxy,33,0.15073090473458564,0.11774123469664008,0.21131647415609278,0.3330785185098648,0.3275421366095543,0.1793059279024601,0.43776655972003936,0.9316879751000947,0.09452652782201768,0.013459624411598543,0.01137494034084837,0.015695230784766843,0.008379026548605862,0.003748603709232754,0.005159404549096111,0.010669774538919818,0.004851494774908185,0.0022600265192179174,0.68,10.617259001731872,3.0986321783065796,2.7733639462809787
gauss_proxy,34,0.17631465931106413,0.13304226169534364,0.2479282294491585,0.3225587689876556,0.33751587629318236,0.17795703038573266,0.42108691453933716,0.9370426902173365,0.08917356848716736,0.014491880331910718,0.011577903158248004,0.017414442453186754,0.010044079435493585,0.0037921439298522195,0.004346557584111921,0.009520687457173676,0.004621244303691992,0.0025304846775055815,0.7,10.159571361541747,2.721198124885559,2.388122936482947
gauss_proxy,35,0.1855009138094902,0.14585625888123097,0.2539396658595083,0.3171588185429573,0.34746169090270995,0.18038422331213952,0.43205312460660933,0.9411474977106471,0.08978496037423611,0.017388916390830643,0.015395613708240018,0.02138330814899131,0.009590945649472105,0.003934119926099632,0.005721256692647694,0.012725363690450128,0.004606289258734107,0.002943998666102536,0.72,9.758533396720885,2.401886749267578,2.0548233795104403
gauss_proxy,36,0.19906653168642074,0.1547297294489116,0.28922404317733785,0.30011350274085996,0.3682676142454147,0.18970066979527472,0.43859370052814484,0.9438343506419784,0.08707988053560257,0.016024614497109953,0.013744321380056948,0.023076371760281784,0.010951720958751222,0.004940794771168907,0.005938730796578788,0.012535185298213125,0.004020271660903892,0.0026871014041935587,0.74,9.406249406337738,2.1358307361602784,1.7690108867987442
gauss_proxy,37,0.21160102139296896,0.1692127692704025,0.3163224949606359,0.2977629834413528,0.3880626291036606,0.19710503086447717,0.4447113427519798,0.9470761869032231,0.08570494674146176,0.0207602567939875,0.018285666864867805,0.02631537088427961,0.012080604484862872,0.005280035663600865,0.006927128470210232,0.014202712936198595,0.00428954231963529,0.002957209055229827,0.76,9.095919516086578,1.918865659236908,1.5274305504394416
gauss_proxy,38,0.24761414148731242,0.2017926768469688,0.34408524027030324,0.2898656606674194,0.40847307920455933,0.20734697788953782,0.4601282012462616,0.9533283512346593,0.0855906730890274,0.023846579511990665,0.020629952096712485,0.027558499689051934,0.012762957594051707,0.0063774753842366074,0.008515971247102794,0.01595850306310142,0.0038511382612063717,0.00336933582520196,0.78,8.821711390018462,1.740465166568756,1.3198850456789952
gauss_proxy,39,0.2568913732568573,0.21613772597542627,0.35554169876954916,0.2913809949159622,0.4288817930221558,0.2241532176733017,0.47273321717977523,0.9580698117679163,0.08407582968473434,0.025998359577540094,0.02439068336543344,0.032241176387774274,0.013861037230294311,0.008074312632247652,0.010612691829794936,0.017974440436748857,0.0030166360391214145,0.003538770286647873,0.8,8.578599259853362,1.594104368686676,1.140305542170956
gauss_proxy,40,0.24906889685541078,0.21633547720322127,0.3695336866070919,0.288594628572464,0.44656384706497193,0.23045563727617263,0.4783173453807831,0.9624884823335671,0.08317344941198826,0.027493579840687645,0.027068516258414988,0.032996862693309224,0.014009481227734237,0.008542828822692094,0.012732972615708903,0.0194868116891637,0.0031104731148162016,0.003851694895210394,0.82,8.36227486371994,1.4780960130691527,0.9887717830089787
gauss_proxy,41,0.2634622234324203,0.23072647365868368,0.383473384252154,0.2879782807826996,0.4625501137971878,0.22718869566917418,0.4650743934512138,0.966557958594166,0.07875312309712172,0.028033666673433058,0.028580845823988177,0.03340576858804162,0.014275639484990879,0.00950276715927691,0.01228518637405399,0.019979005672021863,0.002636260183237559,0.003828761387274482,0.84,8.169024081230164,1.3857658433914184,0.8592491261848358
gauss_proxy,42,0.26561413442644144,0.22926799356753658,0.39117024860123467,0.28311474844813345,0.47095001101493833,0.2333256310224533,0.4713225075602531,0.9684810476203186,0.0790124610438943,0.028056835155363155,0.027068104064933075,0.03552425217008682,0.014862894189212175,0.009907749308354967,0.012869727010885271,0.02025508887447557,0.0026854863146887507,0.0038979482549886366,0.86,7.995664292573929,1.3142512917518616,0.7506805522862404
gauss_proxy,43,0.26236817227736803,0.2289911828707605,0.39218671987570736,0.2866072800755501,0.4803228467702866,0.233456811606884,0.4722723236680031,0.972762498694944,0.07835277415812016,0.028655666555578843,0.02815897652562611,0.03528308495255898,0.014824105902260047,0.009821104076638264,0.01437186902534796,0.021569199237604798,0.0025229339284218643,0.004049382673490362,0.88,7.839452558755875,1.2587372040748597,0.6589547953236107
gauss_proxy,44,0.2682481115836246,0.23565925961874434,0.3951804708578034,0.2871865861862898,0.494855552315712,0.2371661651134491,0.47926632076501846,0.9739934218051034,0.07858801551163197,0.029662604845205647,0.030228828291178206,0.03609451061106221,0.015325641381841745,0.010412305279809412,0.015294607503081694,0.020917811607908097,0.0023862608101327537,0.004065348281200481,0.9,7.698029308319092,1.216367139816284,0.5824891815935463
gauss_proxy,45,0.2624090711587567,0.22975509268307637,0.3897424089220044,0.2839866913855076,0.49995104014873504,0.2333478832244873,0.4674774754047394,0.9782125795457485,0.07582465820014476,0.02878032550932566,0.029396966549946318,0.036884767988459084,0.015715112439779584,0.010884690004736023,0.015465725655828474,0.021678049471174295,0.0020380344062810468,0.004113448355633412,0.92,7.5693757855892185,1.184424889087677,0.5194948746057944
gauss_proxy,46,0.26859460692027204,0.24125044589695116,0.40240733672176937,0.28213441736996175,0.5048489052057267,0.23801753215491772,0.477591307759285,0.9796972159591142,0.07738877147436142,0.029823158902461025,0.031532027272205894,0.036831653859347516,0.015344914267958178,0.011430858412309857,0.015844284771269406,0.02294625930294543,0.0018459113484250054,0.004371013072476251,0.94,7.4517447406053545,1.1605616974830628,0.46821167815496617
gauss_proxy,47,0.26919712650101824,0.24139645092348272,0.39326397782031836,0.28450521335005763,0.5064104336500168,0.23838546097278596,0.47827576160430907,0.9820420540230657,0.07731649350374938,0.03000312682523919,0.030892982064075248,0.037068260554543105,0.015438966369542879,0.01206687769904906,0.016294644888323415,0.023005409770252293,0.0017188620805508627,0.004309705641861864,0.96,7.3436458176374435,1.1420224475860596,0.4249469953511103
gauss_proxy,48,0.26906142252691223,0.2427163372728516,0.40455811906920636,0.28186772502958773,0.5097022795677185,0.23867789059877395,0.47616843581199647,0.9832159725815589,0.0764689177274704,0.03067408579021822,0.03184200696650446,0.036670065626968194,0.015544659071287374,0.011874413616658811,0.015876599655278212,0.023194683979676684,0.0015989829527445416,0.004307043220528203,0.98,7.243785138726235,1.1282945227622987,0.3903430390429691
gauss_proxy,49,0.2634977458346436,0.23929683262668242,0.40525954499020295,0.28561634130775926,0.5252006042003632,0.24223760411143302,0.47443492025136946,1.0,0.07476301163434983,0.031198494656434848,0.033134425691101456,0.039037263904662,0.015952482351749564,0.01250460108580216,0.01756481288015362,0.024325802168051837,0.0,0.0045273019497756644,1.0,6.898368530273437,1.0510588455200196,2.8614782802676458e-05
raw,0,0.03506103582553063,0.022845445056654673,0.07749696676494078,0.4290324628353119,0.29755413115024565,0.14573749467730523,0.35272997796535493,0.9278046340975794,0.07963551923632622,0.005170857162888956,0.00333614169610578,0.00816619119178899,0.0072590424364011655,0.0026726019180928137,0.0022570551954722157,0.003023131388555084,0.0053962833998806685,0.0009915680068819795,0.02,431.08311157226564,430.5292901611328,409.6208228406286
raw,1,0.030530288756282265,0.02086447415737487,0.07021934018468477,0.42810747981071473,0.3017134243249893,0.15427042603492735,0.3633509486913681,0.9266220216531983,0.08142250254750252,0.004196038128047794,0.002997979618077665,0.0062969389116927415,0.005895140878437298,0.0023558043652583175,0.001723383795359928,0.004080579517363475,0.005572371004176224,0.0012947642309064544,0.04,371.83885192871094,369.9981414794922,352.029455511139
raw,2,0.03334584818079239,0.023001988758115603,0.0689284499508807,0.42641650438308715,0.30825447142124174,0.15923949778079988,0.37671918272972105,0.9253168102734379,0.08227842010557651,0.004588247328304397,0.0032318442105394403,0.007427435211363981,0.00559181027909771,0.0023177170796805186,0.0025984137369401412,0.0055778429211912305,0.005500671037421428,0.001386506190347231,0.06,320.9083917236328,318.0710192871094,302.62299661467193
raw,3,0.03157165135079512,0.02169066083805511,0.07088640362664066,0.4257955724000931,0.30557514131069186,0.16428876161575318,0.3809306824207306,0.9244632334719658,0.08320503890514373,0.004031831143388061,0.0028225031684477346,0.00635480028461098,0.005669520610026463,0.0024385233598122513,0.003090050417182587,0.005199149085836659,0.005688782811354888,0.00137577147066576,0.08,277.1237518310547,273.03994140625,259.7786063632353
raw,4,0.0325073685759081,0.022326904275756038,0.07778465211050073,0.42497516453266143,0.3006988459825516,0.15697964414954185,0.3729821252822876,0.9263759685950519,0.08268074080348015,0.004383440765749832,0.0030773491843501563,0.00738550619325415,0.006098323498102938,0.002006387496407372,0.0027000993115073426,0.0050281658804709976,0.005407661289189615,0.001623867249549982,0.1,239.48102569580078,234.64336639404297,223.24584799908436
raw,5,0.03229079983656999,0.02212114967172405,0.08389594487903096,0.42226376354694367,0.29712432324886323,0.14669767141342163,0.3653664606809616,0.9260636564964502,0.08267344430088996,0.004048727512444047,0.002818408323096635,0.00698855247100644,0.005389827137817069,0.0019326385501998561,0.002716237086672356,0.006568277459077744,0.005444451752906568,0.0016218446976937653,0.12,207.11739196777344,201.5529641723633,191.762130412375
raw,6,0.03248922233544549,0.021766339259268436,0.07994370917861568,0.4167837035655975,0.29170464813709257,0.15034556165337562,0.3617783105373383,0.9277099765511773,0.08224958017468452,0.003931660742655422,0.0027340039015117264,0.006140286866854215,0.005035353211734841,0.002336016223881671,0.0035387448565010944,0.006810964174610471,0.005629008637267646,0.001405813268420503,0.14,179.29124664306642,173.38167755126952,164.95851904181373
raw,7,0.032572505844188894,0.022231217425784277,0.07153654832992382,0.41706040024757385,0.2946478796005249,0.15161344170570373,0.3702816587686539,0.9260437957362342,0.08350521802902222,0.004096462820944922,0.0029808684037290704,0.004540224888646474,0.004808648082674738,0.0023257009681842177,0.0032850179617431047,0.005615479271872084,0.0054723742855701234,0.0011522606599648371,0.16,155.3651187133789,149.03628784179688,141.79481457716057
raw,8,0.028748569893411215,0.01896864252757998,0.07230364057942708,0.41627456188201906,0.28259412467479705,0.14330692559480668,0.3605590683221817,0.9283471615237583,0.0839497210085392,0.004309409076076769,0.0029376807414089683,0.005980947876541546,0.005598354207275365,0.0026283987787215487,0.003540593342348053,0.00551315692141058,0.005373806474417404,0.0011109571130354756,0.18,134.79117309570313,128.19299362182616,121.9633768528201
raw,9,0.03255799141267779,0.023013987236688883,0.06648630156450555,0.4222770231962204,0.2911388736963272,0.14970460787415504,0.3731778085231781,0.9235556037007474,0.08564050585031509,0.003998884623429166,0.003105438829839511,0.006206847799383549,0.005572194314136394,0.00235714518089154,0.002144794642098721,0.0063881448761852295,0.00545843213797923,0.0019062068322854293,0.2,117.09850021362304,110.1713882446289,104.81598467871721
raw,10,0.026633452732871182,0.017484719499043108,0.06417255355854339,0.413021497130394,0.282201299071312,0.13901039093732834,0.3587741768360138,0.9279981759052389,0.08435680508613587,0.003505164931345138,0.002341954292099097,0.004659821714952612,0.005361982008348046,0.0021176618844523524,0.0018699533486367394,0.006038144388942435,0.005525970359042583,0.0018435059993250976,0.22,101.88236236572266,94.65337631225586,90.05060384582222
raw,11,0.0329761414749951,0.022448580710832382,0.07281553688641315,0.4207116764783859,0.28806702196598055,0.14135077655315398,0.3632295089960098,0.9256270673099665,0.08385756477713585,0.0045612568057194275,0.003360924596958387,0.005699304252078324,0.006027353092772694,0.0024253656773515256,0.0023064738247102075,0.006906306878785904,0.005334227800868597,0.0019312205893593768,0.24,88.79489013671875,81.38580780029297,77.42657311052024
raw,12,0.03202975802398857,0.021745340830133644,0.0677700794282306,0.4203812998533249,0.29197639763355254,0.14284255772829055,0.3567174035310745,0.9264483484591264,0.08097240865230561,0.004663605752256932,0.003376478607433118,0.006136252232177355,0.005392681911746045,0.0022412935751882036,0.0026320215432228647,0.007250601112334671,0.005359978036348725,0.0015996872815632385,0.26,77.53707412719727,69.94430206298829,66.53974701197335
raw,13,0.033156356970577956,0.022345531534751002,0.06527989655403832,0.42010391056537627,0.2898418629169464,0.1416891957819462,0.35432406425476076,0.9268678159344845,0.08122955113649369,0.004932405248669956,0.0034698380672934107,0.007256606160586378,0.005200693199697244,0.002131720794127847,0.0018129483711910267,0.005117722197599954,0.005599998889680674,0.0012120053743270207,0.28,67.85192924499512,60.08374702453613,57.15696299321642
raw,14,0.038163629987975366,0.02581864269269406,0.0777694649702005,0.4194572108983994,0.2891129237413406,0.14079720482230187,0.3543970900774002,0.9275143462762181,0.08085647247731685,0.005356186392777083,0.0038258956962103495,0.007561677622838034,0.005489709954712678,0.0018027799118940763,0.0029007546734757814,0.007028531318738631,0.005513930242687294,0.0016296367557643058,0.3,59.51856559753418,51.6628955078125,49.14359697780878
raw,15,0.04460131672421826,0.029677904500689342,0.07482854663217703,0.41729279577732087,0.28804620027542116,0.14293770924210547,0.35606291115283967,0.9273546830090699,0.0823297356069088,0.005752744199235764,0.003915778453378953,0.006812645295701773,0.005440771717435457,0.0023086235722195683,0.0026348720514537587,0.005914245066096927,0.005399339197942265,0.0014492471312663507,0.32,52.34713478088379,44.45926910400391,42.28817858983994
raw,16,0.04339584381897918,0.029141702703376078,0.0785084471689626,0.4161556142568588,0.29216686367988587,0.14852235808968545,0.37512378334999086,0.9270562385684724,0.08654225051403046,0.005286036753472719,0.0037445406031246763,0.007593015685437465,0.005641823336342016,0.002347263507299954,0.0027581266945980254,0.005020317966892781,0.0053960149594238505,0.0015347271916023723,0.34,46.17444381713867,38.20858024597168,36.339211925111464
raw,17,0.044707320841754175,0.030875695393778897,0.0839345244663356,0.4108442103862762,0.28718092411756513,0.1417064967751503,0.36553996831178664,0.9238034179028509,0.08488576486706734,0.004819476736547811,0.003462143751978291,0.00644159305312241,0.005566769097333381,0.0023942179334791916,0.0036075364294569645,0.006871549896471743,0.00543765276196428,0.0017658259586959297,0.36,40.860251388549806,32.79022186279297,31.181817980620902
raw,18,0.041959108941623004,0.029099364003879958,0.07681962138896992,0.4191325354576111,0.29295245885849,0.1479513381421566,0.37913749516010287,0.9242786539376782,0.08657802253961563,0.0047519504875471845,0.0034527035600939713,0.007167745764099078,0.0054894465659843265,0.001787238978440804,0.0025911318284968505,0.006596439256854341,0.0052404179241923,0.0016776851480435576,0.38,36.283995475769046,28.200941619873046,26.81274216606977
raw,19,0.05252560612336617,0.037473428585100235,0.0849229331374964,0.4166933858394623,0.29194976806640627,0.1492483326792717,0.3904888308048248,0.92164752564887,0.08998503997921943,0.006235591765053735,0.0045593948433623336,0.00627159319289629,0.005422601713496115,0.0016177121300376602,0.0028120841255672435,0.0063928460884932065,0.005269014712974569,0.0015803338446381103,0.4,32.34207424163819,24.242479858398436,23.043457534087516
raw,20,0.04728986997619976,0.03358390821039136,0.10018863507486117,0.4086513364315033,0.2901864415407181,0.15469402715563774,0.39246707439422607,0.9231886236192518,0.0904887330532074,0.005093203405997463,0.0038765396754877664,0.007517838448497993,0.005551487156610785,0.0017868637901358032,0.0021008958964419144,0.006198537430204704,0.005180996933534151,0.0016123868698998927,0.42,28.945421714782714,20.838980445861818,19.801789406131938
raw,21,0.05669095323847765,0.04048831025244609,0.1025330298922273,0.3965552067756653,0.28890312612056734,0.15538703575730323,0.4045998799800873,0.9207219723818464,0.09375791653990745,0.00638935451685784,0.00459465820713937,0.0076869644841840445,0.00547387764593031,0.0022830774565699816,0.0023207985967557696,0.0061096163467956235,0.005469418744168448,0.0016673258273180028,0.44,26.0174995803833,17.91560764312744,17.01629474792675
raw,22,0.0688730718937206,0.04936455069035692,0.10703990221697307,0.3907144743204117,0.296724818944931,0.16028550297021865,0.40347742676734927,0.921102725813666,0.09209986701607704,0.006940114148513685,0.005221633545108584,0.00781907275261184,0.004549699832320397,0.002760032514232801,0.002972635295991638,0.0056115445446782,0.005387058793195955,0.001429144293866596,0.46,23.492509727478026,15.415118789672851,14.632437919973027
raw,23,0.06447263027155282,0.04493637318161506,0.11064949647693512,0.3928320223093033,0.297548702955246,0.16346714660525322,0.40310139894485475,0.9236577851795051,0.09134156346321105,0.005796974897415025,0.004131994750615244,0.008390599118045593,0.005158354719446072,0.0022836916939997474,0.002336563169199217,0.005528420326897906,0.005415459631710954,0.0015796824411462242,0.48,21.31391117095947,13.258672733306884,12.575096813152532
raw,24,0.06760099276649875,0.04637881015354625,0.1211742173034387,0.38724175035953523,0.2920982152223587,0.16168170690536499,0.3922819572687149,0.925212303911734,0.08907076269388199,0.006930155843452492,0.00486019087722207,0.009576542854858832,0.006184608996445961,0.0020714333567909346,0.0023722233374499527,0.005178243219387323,0.005445459454547133,0.0015379485300730735,0.5,19.433092136383056,11.40576551437378,10.805682420935803
raw,25,0.06604293416501145,0.04600180881578957,0.11909363865234511,0.3903017556667328,0.29291805505752566,0.15393793553113938,0.3936428552865982,0.9234616528661503,0.09021363839507103,0.00717791291895203,0.005074714829967963,0.011166290862828472,0.0060660334635509365,0.0024502437846437904,0.0020544357084477105,0.0049386372546874014,0.00529576160130629,0.0014599671638181007,0.52,17.80828336715698,9.818235893249511,9.287728466107469
raw,26,0.06715768304349518,0.04654343122198672,0.1178750256189402,0.3811359143257141,0.29127093851566316,0.1607053844630718,0.3929597985744476,0.9263351600431985,0.08930446043610572,0.007333537655996828,0.005319608300001242,0.010206870990578454,0.006142721865271887,0.0029308254660352,0.002606745864669111,0.004633022503901168,0.00528012441739427,0.0012954999858365928,0.54,16.403571796417236,8.452573108673096,7.979650857000264
raw,27,0.07125196150781808,0.04969082006310645,0.12256502654129417,0.3789888858795166,0.2984149819612503,0.15887550979852677,0.39049010097980497,0.9268078373369194,0.08841110989451409,0.006401857746583599,0.004566743016063696,0.008688948435255226,0.006420121698171624,0.0021225923181562773,0.002764332577303945,0.005783753715544821,0.005302852263247909,0.0015897339646715116,0.56,15.188102111816406,7.285309791564941,6.858980600543121
raw,28,0.07612090951206339,0.054267818840491415,0.12989336139580523,0.3783024150133133,0.30100475132465365,0.16310747981071472,0.400986031293869,0.9247543876951693,0.09023004278540611,0.006063950316347684,0.004448756651089865,0.009113544872560523,0.007517728497701407,0.0018374606781153308,0.0028906305207116964,0.005497433616403067,0.0051779020686799765,0.001466860708177944,0.58,14.135338277816773,6.2881373691558835,5.898588214361625
raw,29,0.08641682080710154,0.060678554545395495,0.1402965065682681,0.3674491447210312,0.30667004942893983,0.16368572250008584,0.3944811546802521,0.9276549718380948,0.08748410917818546,0.00671484870525407,0.004777474760894267,0.008828069599805735,0.0072593721428490824,0.0023158527808347664,0.002164047459203884,0.005558178404869985,0.005187505882770562,0.0015537544750755497,0.6,13.22248839378357,5.430256185531616,5.068843978081905
raw,30,0.07910902794252862,0.0546094203785834,0.15203736368494997,0.35955390632152556,0.3071575701236725,0.15266804918646812,0.38304210275411604,0.9306918161186276,0.08569322191178799,0.007931216521313322,0.0055886491603374285,0.010523401696770157,0.007577194105195991,0.002406122129427829,0.0033429876244717672,0.006510798150423799,0.005196354200255486,0.0015604435369363026,0.62,12.429951229095458,4.7018234825134275,4.360271055352565
raw,31,0.08920583285522243,0.06182726872212095,0.1658604593719378,0.3493070250749588,0.3126994264125824,0.15336664348840715,0.3852261513471603,0.9309711189659522,0.08543077595531941,0.009007529853309208,0.006391752275312689,0.012940946477035357,0.0075825642555904,0.002383175577774909,0.002820851257418273,0.006117559545313275,0.005268399390015988,0.0015196743088448253,0.64,11.740878562927247,4.076650791168213,3.7475353292820466
raw,32,0.10613358873488994,0.07459057484742,0.18181391842435324,0.34536839455366136,0.3217261606454849,0.15892459988594054,0.39786100208759306,0.9333191382079934,0.08743320308625697,0.010111163990057423,0.007276585132002543,0.01388736306371403,0.008049795671627202,0.0021823521753050654,0.0026916232701931797,0.005986571231563082,0.00499113287231562,0.0015337258148203558,0.66,11.14079849243164,3.544444189071655,3.2206275641413162
raw,33,0.11651220558275459,0.08285557333716524,0.202003216679562,0.3434397932887077,0.3311615085601807,0.17123097017407418,0.4003541725873947,0.9354506231325364,0.08505690850317478,0.009996351936482259,0.007350184126319707,0.015407745946938297,0.008523900532686016,0.0035217893521786,0.0036777881680416643,0.008317353939828747,0.005162049722140013,0.001962132287923219,0.68,10.617259001731872,3.0986321783065796,2.7733639462809787
raw,34,0.1378233583834659,0.09877340736952014,0.2323216302312387,0.3296544227004051,0.3392947065830231,0.1739986439049244,0.405939399600029,0.9398532276597525,0.08455147996544837,0.013229167574147972,0.009739653250397063,0.016936963183750462,0.009588377038746545,0.0033461481277325222,0.004302807907763804,0.008859200496445212,0.004706660598053032,0.00206037673068704,0.7,10.159571361541747,2.721198124885559,2.388122936482947
raw,35,0.16393280667601892,0.12199914123775071,0.26397645786417745,0.31852703273296357,0.3535559809207916,0.175897528976202,0.4089328110218048,0.9416295022317079,0.08326025165617466,0.01456813698613347,0.011945634497923165,0.018686559060397817,0.010429867898536185,0.004093593298646398,0.005210748713405786,0.010262119569785509,0.004470554129921696,0.002249924078522565,0.72,9.758533396720885,2.401886749267578,2.0548233795104403
raw,36,0.19372855759025154,0.14950250394128964,0.2866008497388444,0.3123796060681343,0.3662038689851761,0.1834635891020298,0.4236586025357246,0.9441386831078659,0.08404776878654957,0.017322071391120342,0.014438455208470037,0.0225979299630117,0.010837596969096594,0.0045857973300053945,0.006040796862636112,0.012455545033539685,0.004074410579746635,0.0025832084662720267,0.74,9.406249406337738,2.1358307361602784,1.7690108867987442
raw,37,0.20284882775685514,0.1557658968124396,0.30321059142829176,0.30600697875022886,0.38443827867507935,0.1903153981268406,0.4309990131855011,0.9493255391083819,0.08305683366954326,0.01764545942589729,0.014930854944607035,0.02516245208342892,0.011883553420215093,0.005065632690755667,0.0066994378428634396,0.013112446214926129,0.003799911546876468,0.0027106623546401753,0.76,9.095919516086578,1.918865659236908,1.5274305504394416
raw,38,0.2381570667474882,0.1875875295974607,0.3348427907015688,0.29932848617434504,0.40222310066223144,0.20570623695850374,0.4446749034523964,0.9542110296402617,0.08285583563148975,0.022382699696153842,0.018914234332757563,0.02878571166498966,0.013170336719552353,0.006063357541758957,0.008011830204321111,0.014936442058763707,0.003713163557858944,0.003041732136892858,0.78,8.821711390018462,1.740465166568756,1.3198850456789952
raw,39,0.24857184708979152,0.2031599568137119,0.3509021138163053,0.29543619066476823,0.4237124651670456,0.21740370243787766,0.4558786678314209,0.9585532462697612,0.08184358566999435,0.02402826295061666,0.02155316638671746,0.030762566071710892,0.014176621384510847,0.006982340193683475,0.00961002989985362,0.016861135844550502,0.0033307291866588175,0.0033306370094824986,0.8,8.578599259853362,1.594104368686676,1.140305542170956
raw,40,0.25301427736007914,0.20945358484438997,0.3610759555053738,0.2930488719046116,0.44493764758110044,0.2183291034400463,0.45934440702199936,0.9615809030418677,0.0803158375620842,0.025323296981839064,0.023427655247157828,0.032401437124648415,0.01434180226217323,0.008078367426966996,0.010685900175359543,0.018129599948189655,0.0031035557802569316,0.0035072238789394844,0.82,8.36227486371994,1.4780960130691527,0.9887717830089787
raw,41,0.2553656124803189,0.21671170529666015,0.37490048521616287,0.2914127869904041,0.4588888323307037,0.2220242515206337,0.4650951045751572,0.9657687345173646,0.0799342055991292,0.027075850562256063,0.025681185544839485,0.03515738885072093,0.014564683396686387,0.008763314237524389,0.012120967014811026,0.019442838168431776,0.0026277745790445222,0.003647761244619526,0.84,8.169024081230164,1.3857658433914184,0.8592491261848358
raw,42,0.25622997352888527,0.21994662456690964,0.38571380746086115,0.28552462831139563,0.47494723558425905,0.22775468565523624,0.4658124434947968,0.969700289402656,0.07797443628311157,0.028606925327060585,0.027194302126435747,0.03497184481225753,0.01453002966424109,0.010322170702223684,0.013844695938419442,0.020753685445896213,0.002273048936941198,0.0038038769662926894,0.86,7.995664292573929,1.3142512917518616,0.7506805522862404
raw,43,0.25681667384275053,0.22422965796073002,0.3862621316040299,0.28525580540299417,0.4850233340263367,0.2303792928159237,0.46527778953313825,0.9739019752776628,0.07688128564506769,0.029584172471148577,0.028948515654217317,0.03536789851624028,0.01510695659318353,0.010994759893979163,0.01521598085582623,0.021610717810687657,0.002146674700982767,0.003870064384368316,0.88,7.839452558755875,1.2587372040748597,0.6589547953236107
raw,44,0.25944750188068183,0.2290424838146272,0.3861341709069725,0.28533932857215405,0.4943040651082993,0.23108708322048188,0.46823125272989274,0.9777949781541515,0.07650895051658153,0.029810359420876436,0.029534981850348516,0.03632140332215731,0.015144369538153818,0.011396406684818792,0.015470250328257391,0.02218763706409801,0.0018996947075155595,0.004006414480815819,0.9,7.698029308319092,1.216367139816284,0.5824891815935463
raw,45,0.26542254785529834,0.23667527882061423,0.3890011766309739,0.285216306746006,0.5013973397016526,0.23479140624403955,0.47086779087781905,0.981635696783526,0.0763267520442605,0.030119861169990485,0.030893530929535642,0.036754855312573095,0.015458291447456075,0.011454039627585648,0.016259289615775736,0.022425067962449766,0.0016736827552326407,0.004076699175115407,0.92,7.5693757855892185,1.184424889087677,0.5194948746057944
raw,46,0.27031122106932276,0.24103027010717853,0.39498051163776127,0.284016140922904,0.5064175552129746,0.23844210773706437,0.474576807320118,0.9845264577269427,0.07631255965679884,0.030106973868682732,0.0311153257115629,0.03776898630733124,0.01550582251326638,0.011687324718345356,0.01665242875777434,0.022708642319221605,0.0014772405395491192,0.004132875886543422,0.94,7.4517447406053545,1.1605616974830628,0.46821167815496617
raw,47,0.2663933792901192,0.2381616876575893,0.39923987754966794,0.2843004074692726,0.5095652294158936,0.24025865256786347,0.47662460774183274,0.987846513422243,0.07635236699134111,0.030022575839177,0.031122471109302594,0.037486518645051856,0.015614652318614674,0.011835969673951374,0.016763998003962974,0.022980687223420976,0.0011537323086522162,0.004234784455380744,0.96,7.3436458176374435,1.1420224475860596,0.4249469953511103
raw,48,0.2627351214752957,0.23665823707729355,0.4039984495099865,0.2845102422684431,0.511741514801979,0.24063553169369697,0.4761296734213829,0.9909044781612646,0.07607897840440274,0.03062036996839016,0.031907189261462375,0.037164836405860914,0.015663116088475988,0.011902038659749708,0.016846318618362516,0.023370445298066922,0.0009282048236840321,0.004351046735785155,0.98,7.243785138726235,1.1282945227622987,0.3903430390429691
raw,49,0.2634977458346436,0.23929683262668242,0.40525954499020295,0.2856171426922083,0.5252000910043716,0.24223682418465614,0.4744337525963783,1.0,0.07476292952895164,0.031198494656434848,0.033134425691101456,0.039037263904662,0.015952539367731,0.012504606002626888,0.017564807239726463,0.024325782180344733,0.0,0.004527330950792874,1.0,6.898368530273437,1.0510588455200196,2.8614782802676458e-05
rmsnorm,0,0.040124791868803904,0.027919521695159596,0.07651265643024212,0.42780819416046145,0.28659947365522387,0.15522943884134294,0.39647480845451355,0.9211921968268997,0.09319964528083802,0.005521719377382203,0.0038855858763340626,0.007595612841141669,0.006931042822398958,0.0026596273218499654,0.0026167765019466417,0.0031964117556988587,0.005238074294318398,0.0010866044188210186,0.02,431.08311157226564,430.5292901611328,409.6208228406286
rmsnorm,1,0.03996777795890087,0.029460989131624826,0.07171600211746315,0.4276122337579727,0.2910131511092186,0.16481333136558532,0.4092334061861038,0.9188848940224529,0.09525978356599808,0.00462927884044896,0.0035948816632290106,0.005468217351269314,0.0054742896150843,0.0022723128427368532,0.0017653827550060078,0.004166621165245242,0.005498205866435815,0.0014016190592011225,0.04,371.83885192871094,369.9981414794922,352.029455511139
rmsnorm,2,0.03889685623567764,0.028638466170411003,0.06930997734529172,0.425963329076767,0.29585345804691315,0.16836412459611894,0.4215870714187622,0.9181848026266026,0.09602135464549065,0.0049461656947976254,0.0036951298824998875,0.00683043541914645,0.005121353854116871,0.0021288517860394616,0.002662015056744333,0.005756134632499307,0.005453147964114073,0.0015222773367404914,0.06,320.9083917236328,318.0710192871094,302.62299661467193
rmsnorm,3,0.0439794050913814,0.03276689743199592,0.06955110610729424,0.4260705953836441,0.2940068393945694,0.17503810286521912,0.4276051205396652,0.9170009071401958,0.0972767573595047,0.004973713214010379,0.003809635046372991,0.006173850612928657,0.0052504183056479225,0.0024252918495887986,0.0034167565502169132,0.005401516875599061,0.005647630895617545,0.0014854793961985694,0.08,277.1237518310547,273.03994140625,259.7786063632353
rmsnorm,4,0.041699541203021016,0.03061158294271647,0.07271047373154754,0.4250014764070511,0.2890852862596512,0.16585683479905128,0.4175330156087875,0.9190059375109909,0.09675792455673218,0.0045543289720340226,0.003463101597830338,0.00676043514320898,0.005776412643865394,0.0020716516042603153,0.0026539037523568574,0.005192263695838191,0.0053784731771668055,0.00180867487421931,0.1,239.48102569580078,234.64336639404297,223.24584799908436
rmsnorm,5,0.039986756830448264,0.029511148295615658,0.08026132546593187,0.42197143495082856,0.2857126927375793,0.15576800495386123,0.40891413271427157,0.9189192529160312,0.09633914411067962,0.004420611090080787,0.003367835691429683,0.006942452317797703,0.005209392706193009,0.0020798869153425543,0.0023105462643176755,0.006683994223584081,0.005368480759535702,0.0017699065668514776,0.12,207.11739196777344,201.5529641723633,191.762130412375
rmsnorm,6,0.04552757835353526,0.03292973581544074,0.07844634629634069,0.41652710258960723,0.28097578018903735,0.15921993121504785,0.40639517724514007,0.9202253856870852,0.09629071682691574,0.005404227663553791,0.004012732044121357,0.0058516038355200676,0.004749526747359069,0.002387074005919185,0.0036332194561084557,0.007019013944273614,0.00555279980164908,0.001523501370012991,0.14,179.29124664306642,173.38167755126952,164.95851904181373
rmsnorm,7,0.04352719920195012,0.031767723983609615,0.07385005366825297,0.4170021414756775,0.28358143985271456,0.16204074323177337,0.41635108351707456,0.9179203242367966,0.0978415384888649,0.004095920509949499,0.00322057611678659,0.0048876245632022445,0.004444186294909728,0.0024333670478251033,0.0032299520537971004,0.0058542426292241415,0.005353062302799133,0.0012607980575351236,0.16,155.3651187133789,149.03628784179688,141.79481457716057
rmsnorm,8,0.034923573804499494,0.024709397631419064,0.0705995911643711,0.41609335303306577,0.2725324809551239,0.15363129496574401,0.40613598346710206,0.9204466583796809,0.0982711061835289,0.00484830319960343,0.0035006549411754954,0.0053479645145221005,0.004968104902957731,0.0025745322822215383,0.0033502377984538784,0.005445682155684301,0.005386198889141661,0.00120308405102341,0.18,134.79117309570313,128.19299362182616,121.9633768528201
rmsnorm,9,0.04395247855726737,0.03302199593742766,0.06697736796958675,0.4225771772861481,0.27956247866153716,0.15938188523054123,0.418447208404541,0.9156671880238052,0.09975213572382927,0.0037849172351609338,0.0033363868725215288,0.005628804990152829,0.004945905307444853,0.0022618147370657205,0.002234825492920345,0.006433526086228726,0.005396092838957678,0.0020725000151400694,0.2,117.09850021362304,110.1713882446289,104.81598467871721
rmsnorm,10,0.03862957022350741,0.027301131649566934,0.06728211642735399,0.4135181874036789,0.27266439408063886,0.1494918219745159,0.4044675672054291,0.9196858882479511,0.09874340891838074,0.004159299028482328,0.0029791085588993012,0.004426265571817646,0.004878769417999669,0.002014306558650453,0.0017878142409630822,0.005945526721929155,0.00551812116736185,0.001987939364772514,0.22,101.88236236572266,94.65337631225586,90.05060384582222
rmsnorm,11,0.04229708573037771,0.03114548217322618,0.07404909991086422,0.4210786920785904,0.27830234050750735,0.15096282526850702,0.40830047607421877,0.9174816887998968,0.09804971441626549,0.00495253548701194,0.003950761069782322,0.004550163136554392,0.005408063149965009,0.002568072644548361,0.0026420311780688977,0.007205149722366995,0.005336819972774342,0.002111202237778863,0.24,88.79489013671875,81.38580780029297,77.42657311052024
rmsnorm,12,0.03646425669003481,0.026367581668134688,0.0735085687364918,0.4197627067565918,0.2813549166917801,0.15119796618819237,0.3995917934179306,0.9190928694848576,0.09452339187264443,0.00484963859118711,0.003686433883567009,0.005866098527401634,0.004875260570881796,0.0024094501188100565,0.002833816738739376,0.007859751688031248,0.0054104833849212275,0.0017748750466403832,0.26,77.53707412719727,69.94430206298829,66.53974701197335
rmsnorm,13,0.03954109351145445,0.02825951368043731,0.06607946168362948,0.420013781785965,0.28080180287361145,0.15112515270709992,0.39822072446346285,0.9205509741262746,0.09472747385501862,0.005113104538021299,0.003805822494436253,0.006817748346497548,0.004613276784828893,0.0021352040927727434,0.0022481046716357482,0.005889314605689377,0.005495229714025319,0.0013871875226718286,0.28,67.85192924499512,60.08374702453613,57.15696299321642
rmsnorm,14,0.04896417517673754,0.035585821735601764,0.07692965870459118,0.41883826434612276,0.2806136673688889,0.15046158328652381,0.39869616508483885,0.9197176064857493,0.09438501372933387,0.0058299228398916506,0.0044999357594113715,0.0068887187705119,0.004869166990507301,0.0017225014285715805,0.0029287525899791707,0.007377307265664581,0.005482349349041541,0.001793436818542301,0.3,59.51856559753418,51.6628955078125,49.14359697780878
rmsnorm,15,0.05643712763810727,0.040353314256182174,0.07778425056338721,0.41757897317409515,0.27967507898807525,0.15423840925097465,0.4021141642332077,0.9198396645107416,0.0961708202958107,0.006207573007009528,0.004542602406481306,0.005959414670707842,0.004883441301934446,0.0021164467263193355,0.002889943952867768,0.006491375895094822,0.005348304665415896,0.0016292593662718233,0.32,52.34713478088379,44.45926910400391,42.28817858983994
rmsnorm,16,0.05371362727175618,0.038774633140955535,0.08059815449160532,0.416357017159462,0.28178792595863345,0.1563432101905346,0.4187049615383148,0.9187820424615758,0.10027091428637505,0.005082577271905038,0.0038792645019567803,0.00701360647853769,0.005017772474382508,0.002163186216897058,0.0029292904959512963,0.00550501286679389,0.00533612787017013,0.0017250749892251905,0.34,46.17444381713867,38.20858024597168,36.339211925111464
rmsnorm,17,0.05564482544080009,0.041290712237998385,0.08391674983883256,0.410669709444046,0.277345050573349,0.15092392072081565,0.407907047867775,0.9171530399610311,0.09816485211253166,0.005146943918571017,0.004101825871285966,0.006280067734646978,0.005001038218680552,0.00214785765389441,0.003440062652465545,0.007095241113701572,0.00546215746279381,0.001955853616512918,0.36,40.860251388549806,32.79022186279297,31.181817980620902
rmsnorm,18,0.04760111717346785,0.03528787086533609,0.08008051837541118,0.4184245789051056,0.2819067084789276,0.15615156501531602,0.42072210788726805,0.9171619075891799,0.0998841693997383,0.005341169035064931,0.0042041247932349335,0.00703182011310362,0.004843692181294093,0.001691884407965011,0.0025051648533974615,0.0068231392347322456,0.005104484748270572,0.0018036622415084247,0.38,36.283995475769046,28.200941619873046,26.81274216606977
rmsnorm,19,0.0606121068439754,0.04634213577306984,0.08846977194685078,0.41756281912326815,0.2810265049338341,0.15647851541638375,0.43223166584968564,0.9140196453658946,0.10361543491482735,0.00595729761127009,0.004684658137066315,0.00605384522241412,0.004911207789732874,0.0015135828326117912,0.0029336364355995116,0.00662402496652349,0.0052826944367905075,0.0016902294168807275,0.4,32.34207424163819,24.242479858398436,23.043457534087516
rmsnorm,20,0.05974034328207896,0.045431196173794125,0.10101027092506946,0.41000568568706514,0.2803935581445694,0.16334158629179002,0.4360718011856079,0.914283010309289,0.10433721423149109,0.004985426843122265,0.0040639477712929445,0.007120687685313356,0.005092306882693258,0.0017630146538918888,0.0020406964608857504,0.006367282038248727,0.00521571862930844,0.0016925088235726776,0.42,28.945421714782714,20.838980445861818,19.801789406131938
rmsnorm,21,0.06898053756250364,0.05410453981020102,0.1064219289884624,0.3986997455358505,0.2782116675376892,0.16368060052394867,0.44823906481266024,0.9112213441968994,0.10783487617969513,0.006708667510865006,0.00530623770841028,0.007580701456454298,0.00525548949334647,0.002307920877261565,0.002594120974834579,0.006250297121966313,0.005497244956491957,0.0017400137004858914,0.44,26.0174995803833,17.91560764312744,17.01629474792675
rmsnorm,22,0.07803138623386166,0.05954457290249533,0.11258708692508987,0.3915495705604553,0.28549347817897797,0.1655380566418171,0.4443744844198227,0.9135459313224586,0.10564926862716675,0.007227862200797499,0.005685232224159741,0.0077635321624962,0.0043782957025509115,0.0027297165387184246,0.003146204967186099,0.005753462248005337,0.005199721195830992,0.0014942383837461008,0.46,23.492509727478026,15.415118789672851,14.632437919973027
rmsnorm,23,0.07733649243506242,0.05890661831336528,0.11482528356062238,0.39418526768684387,0.2869427078962326,0.17224405378103255,0.44552604675292967,0.9149062720191605,0.10483628004789353,0.007183783391790587,0.005630552986613264,0.008501009825371763,0.004986281947371342,0.0022876169058845056,0.0023715974113939792,0.005622648149674438,0.0053817482067550475,0.0017046133931899801,0.48,21.31391117095947,13.258672733306884,12.575096813152532
rmsnorm,24,0.077718155214978,0.057006252676617034,0.12557258588631345,0.38772463381290434,0.28239169239997863,0.1692231312394142,0.4330684095621109,0.9187088358967661,0.10204844206571578,0.007411515677769046,0.005647230758884973,0.01006197559688677,0.006079013128919625,0.0020954818223546637,0.0023172445510092217,0.005488364712045586,0.005318481806375655,0.0017007828373286301,0.5,19.433092136383056,11.40576551437378,10.805682420935803
rmsnorm,25,0.0768905491203457,0.05716505040002948,0.12270958997346204,0.39101040482521054,0.2840318188071251,0.15998801380395888,0.43327983379364016,0.9164646684732322,0.10289624094963074,0.007955175713299125,0.005918297573302331,0.011294967649008053,0.006028228915537059,0.002318340395753431,0.0020726100819965505,0.0050262631200537165,0.005305415406232169,0.00155871690964005,0.52,17.80828336715698,9.818235893249511,9.287728466107469
rmsnorm,26,0.07905231417931635,0.058436239266957256,0.11870303094627302,0.38133864164352416,0.2824425193667412,0.1677922523021698,0.43155647099018096,0.9198206552853846,0.10159482344985009,0.008198084324919667,0.006304727449590954,0.009636079746863594,0.006094571867012416,0.0027103898863184697,0.0026451741779512446,0.004766008198026373,0.005226848308351596,0.0014341358694728284,0.54,16.403571796417236,8.452573108673096,7.979650857000264
rmsnorm,27,0.08223078297849662,0.061268610320169704,0.1239205021532661,0.37906966388225555,0.2904206383228302,0.1671471767127514,0.4301976579427719,0.9210598846442285,0.10055081397294999,0.0071802789988490885,0.005533334125479799,0.008469215287084941,0.006275816026219037,0.002198702797283568,0.0027660664866682796,0.005856841078766457,0.0051625848518675,0.0017424002388105068,0.56,15.188102111816406,7.285309791564941,6.858980600543121
rmsnorm,28,0.08803627565047029,0.06709301921603643,0.12828226940295648,0.3789700210094452,0.29319266438484193,0.17095833837985994,0.43977856636047363,0.9191016057835028,0.10208104088902474,0.007436192740565417,0.005819943962402301,0.008980033313294366,0.007496409035104679,0.0019134459915552098,0.0028407342514034668,0.005641134955125936,0.004990085624342995,0.0015888645559010786,0.58,14.135338277816773,6.2881373691558835,5.898588214361625
rmsnorm,29,0.10418103024221885,0.07821403924652616,0.14172058318990707,0.3675038266181946,0.2996088719367981,0.17081501513719557,0.43090989351272585,0.9218543223983808,0.0983908535540104,0.007471630644345069,0.005674686455334613,0.009517472590993493,0.007341218703813963,0.0022279870683525205,0.0024466757562566902,0.005683617546415123,0.0050201294758323465,0.0016571150459740516,0.6,13.22248839378357,5.430256185531616,5.068843978081905
rmsnorm,30,0.0985077752660287,0.07218917719790464,0.1569502935926735,0.35906831979751586,0.30104589521884917,0.16047407194972038,0.4188863128423691,0.9249192340628919,0.09628667905926705,0.009218349274506247,0.006783589785278368,0.010579728650885856,0.007594796734467163,0.0022228305360153544,0.003182911812474167,0.006545972501366981,0.005135975245648608,0.0016877482863977774,0.62,12.429951229095458,4.7018234825134275,4.360271055352565
rmsnorm,31,0.10994029295461051,0.08065980098808449,0.16668314245666185,0.34849870920181275,0.30780903935432435,0.16070629239082337,0.41964015960693357,0.9255031595101308,0.09526914738118648,0.009727815656097183,0.007232238171391487,0.013553095572525743,0.007600310491419068,0.002235860418097172,0.0028895221799181002,0.006302105113938101,0.005031229507196892,0.0016278534080545115,0.64,11.740878562927247,4.076650791168213,3.7475353292820466
rmsnorm,32,0.12461207367985427,0.09282118818565163,0.18665381177747242,0.3448164492845535,0.3167096996307373,0.16607955634593963,0.430673251748085,0.9290722299257953,0.0967318481206894,0.011445502387210696,0.00863595263484059,0.01424161643782887,0.00803732665551539,0.0021114719704120742,0.0027146625249898707,0.006173108859209677,0.004809761328510199,0.001655913441406695,0.66,11.14079849243164,3.544444189071655,3.2206275641413162
rmsnorm,33,0.13640159599067941,0.10267605070411605,0.20310232665550326,0.3427526253461838,0.32703850328922274,0.17912896186113358,0.43138659179210664,0.9318373341920033,0.09343221440911292,0.010936650851315658,0.008619741327475975,0.015263448357930537,0.00851225709102397,0.003431511016874705,0.003612520477080047,0.008622052638306777,0.005114403447325901,0.002104361535455002,0.68,10.617259001731872,3.0986321783065796,2.7733639462809787
rmsnorm,34,0.16312300165887375,0.12280680506242411,0.23483717558908604,0.32880672633647917,0.33585989475250244,0.1808119124174118,0.43451580762863157,0.937058328077129,0.09206110298633575,0.014742548847404674,0.011604242840955044,0.017242148388427258,0.009573197512312523,0.003248024898833145,0.004276578523616073,0.009108652173465778,0.004612612549130685,0.0021850538327303558,0.7,10.159571361541747,2.721198124885559,2.388122936482947
rmsnorm,35,0.1809673444948636,0.13938835749183323,0.2670511408667059,0.31777943432331085,0.3509964120388031,0.18171334624290467,0.4343787658214569,0.9396848927525819,0.08984440200030804,0.014865148131048443,0.01248778469942105,0.019132481017222206,0.010482895190841687,0.004109835483776657,0.005149196744822629,0.010482492806784677,0.004409482284543409,0.0023654984058229336,0.72,9.758533396720885,2.401886749267578,2.0548233795104403
rmsnorm,36,0.20892451272865936,0.16677969582255897,0.28705756458786147,0.31166287332773207,0.3638468617200851,0.18868986517190933,0.4458905649185181,0.942173617687439,0.08965411104261875,0.01728101705935362,0.015056280832228985,0.02228730332174463,0.010815693600533914,0.004528083068557233,0.006108066939755786,0.012723899629137012,0.003954436307242516,0.002693721635010063,0.74,9.406249406337738,2.1358307361602784,1.7690108867987442
rmsnorm,37,0.21885523571351967,0.17419508139743228,0.30303792454162376,0.3053439825773239,0.38255966067314146,0.19544704616069794,0.45099825084209444,0.9480215708831569,0.08788369536399841,0.018763313696352816,0.016479547832059273,0.025245074555788453,0.011923417827233822,0.005026567678977214,0.00672481831783671,0.013353524032980785,0.003616084755026371,0.0028150149830116857,0.76,9.095919516086578,1.918865659236908,1.5274305504394416
rmsnorm,38,0.2468947060955834,0.20019398682034775,0.3344706553339725,0.29872284963726997,0.4006567120552063,0.2105573982000351,0.46208251029253006,0.9532347081486681,0.08691032506525516,0.02298748335078161,0.020011599179582878,0.028390638803747724,0.01322404378160421,0.006054590483851365,0.007993369560680494,0.015147784260467192,0.0035820066650967676,0.003144590337108402,0.78,8.821711390018462,1.740465166568756,1.3198850456789952
rmsnorm,39,0.25698826158541205,0.2138660084571067,0.351706702222001,0.2948902940750122,0.42253568649291995,0.22142236948013305,0.4704659652709961,0.9575762757386534,0.08514841362833976,0.024287031821624033,0.022249810327585797,0.03043840181469265,0.014226533972486131,0.006943153450804888,0.009610332204565588,0.017041059813438692,0.003290462982244229,0.0034276205066526844,0.8,8.578599259853362,1.594104368686676,1.140305542170956
rmsnorm,40,0.2621729144529022,0.22087513000865644,0.3609071128753944,0.2925465114414692,0.4440251833200455,0.22171501085162162,0.47153007209300996,0.961171916677889,0.08297935247421265,0.025899879068359298,0.02418552675038802,0.03235510860887715,0.014368986993402017,0.008078206842599151,0.01073648514581301,0.018292232836071416,0.0030127839417470707,0.0035916700268608394,0.82,8.36227486371994,1.4780960130691527,0.9887717830089787
rmsnorm,41,0.2623881620945511,0.2259170579792368,0.37489883728098106,0.2910025326907635,0.45820495307445525,0.22480788238346577,0.4752019107341766,0.965269603484218,0.08210953544825315,0.0273379334501592,0.026207861439995574,0.03497739113081195,0.014585423243000687,0.008754035787035359,0.012176545554566943,0.019580064694702637,0.0025568290287202415,0.003717638819679121,0.84,8.169024081230164,1.3857658433914184,0.8592491261848358
rmsnorm,42,0.26191675484770593,0.22760134544110774,0.38596727792049135,0.28515585079789163,0.4744537150859833,0.23025006376206875,0.4742903545498848,0.9694258247008511,0.07972946092486381,0.02883275159695724,0.027731404283034194,0.03507879808248273,0.014554230983073811,0.010307458008039658,0.013877780938440549,0.02085591685080635,0.002217806272146216,0.003863532279149537,0.86,7.995664292573929,1.3142512917518616,0.7506805522862404
rmsnorm,43,0.2609821294413503,0.2300949342777885,0.38831642329489696,0.2848860304057598,0.48465560376644135,0.23244902342557908,0.47229448646306993,0.9739617799827398,0.07831787094473838,0.029460357785405546,0.029106110748515785,0.03519629293565719,0.01512544405842464,0.010994481009984363,0.015242471038236878,0.02169101198146051,0.00206046137858858,0.003920122138931894,0.88,7.839452558755875,1.2587372040748597,0.6589547953236107
rmsnorm,44,0.262856402409572,0.23343762860145575,0.38597988977952435,0.2849934684485197,0.49399715423583984,0.23278012722730637,0.474033365547657,0.9777404675826759,0.07768909592181444,0.029891093252468495,0.029716314289376534,0.03636081560956141,0.015160615235744267,0.011399034888468183,0.015494435627942683,0.02225408419877044,0.0018892404961765594,0.004048677274009948,0.9,7.698029308319092,1.216367139816284,0.5824891815935463
rmsnorm,45,0.2682810146806095,0.2402170375650152,0.3886801488363985,0.28495571970939637,0.5012000167369842,0.23626095563173294,0.47584535568952563,0.981875888538672,0.07732591535896063,0.030123613493152228,0.030901060885058406,0.036819015994634004,0.015475767348535709,0.011455828078100232,0.016276426856926002,0.022484890105767895,0.0015740858640239284,0.00411593339593929,0.92,7.5693757855892185,1.184424889087677,0.5194948746057944
rmsnorm,46,0.2729220380465863,0.24470553678039902,0.3939981935470961,0.28377829626202583,0.50622474193573,0.2397686567902565,0.47891995280981065,0.9846946356776131,0.07717858146876097,0.030259723944160828,0.0312229691001051,0.03779708700058971,0.01551974411840434,0.011697574786086594,0.01668274584090736,0.02276944046200728,0.001473497572581785,0.004168844879183923,0.94,7.4517447406053545,1.1605616974830628,0.46821167815496617
rmsnorm,47,0.26780182183566303,0.24050508896396697,0.4010823535988866,0.2840890956670046,0.5094154870510101,0.24145226448774337,0.48050999343395234,0.9876713143960272,0.07712452284991742,0.030001042412496907,0.031176066106214456,0.03749717840498424,0.01563110456256757,0.011843507036614423,0.016787497284161998,0.02303187436093669,0.0011447737783730288,0.004268146863357728,0.96,7.3436458176374435,1.1420224475860596,0.4249469953511103
rmsnorm,48,0.26545051475974984,0.24000511832553187,0.4045576815361303,0.28431405536830423,0.5116059112548829,0.24167997822165488,0.479605388045311,0.9909213881404848,0.07677426386624575,0.03055551058760548,0.03197339768221021,0.03731833239071563,0.015680039557086054,0.011914490989296011,0.016866444969131516,0.023415204509038112,0.0008913610632657646,0.004381746446859194,0.98,7.243785138726235,1.1282945227622987,0.3903430390429691
rmsnorm,49,0.2653730957332374,0.24137847775078225,0.4050958588498681,0.28554772429168224,0.5251535278558731,0.24265262976288796,0.4758091107010841,1.0,0.07503513164818287,0.03126541028943842,0.03317668416796723,0.039102544760099694,0.01596049661410814,0.012511847329721262,0.017570979368167716,0.02434925533478975,0.0,0.004541519373330502,1.0,6.898368530273437,1.0510588455200196,2.8614782802676458e-05
